label,item_id,original_route,concept_id
ns bolus,40850,0,3037253
ed ivf,44486,0,3037253
EW IV intake,44798,0,3037253
1:1 NS Repletion.,43819,0,3037253
bolus,42639,0,3037253
fluid bolus,41491,0,3037253
Plasmalyte,44102,0,3037253
ER CRYSTALLOIDS,42876,0,3037253
IV PLASMOLYTE,46087,0,3037253
er ivf,41368,0,3037253
er crystalloids,42322,0,3037253
ANGIO IN,42125,0,3037253
ED IVF,44323,0,3037253
angio intake,41902,0,3037253
angio in,41382,0,3037253
BOLUS,44160,0,3037253
Fluid Bolus,42453,0,3037253
ANGIO INTAKE,41905,0,3037253
plasmalyte,44430,0,3037253
NS BOLUS,40865,0,3037253
NS bolus,41490,0,3037253
IR,44889,0,3037253
rl bolus,41322,0,3037253
EW IVF,41702,0,3037253
ns fluid bolus,41371,0,3037253
90%CC/CC U/O REPLACE,42384,0,3037253
Fluid bolus,42297,0,3037253
"D10, 1/2NS",46546,0,3037253
cc for cc replace,42383,0,3037253
cryst in ed,43839,0,3037253
ED CRYST.,44329,0,3037253
ER CRYSTALLOID,42864,0,3037253
ivf boluses,41896,0,3037253
D51/4NS+100MeqNaHCO3,43904,0,3037253
ANGIO IVF,42836,0,3037253
1/2 NS WITH 40 KCL,42742,0,3037253
FFP GTT,44172,0,3037253
NS W/ 40 KCL,42698,0,3037253
EW crystalloids,44722,0,3037253
ED crystalloid,44804,0,3037253
Angio,42692,0,3037253
IR CRYST.,42924,0,3037253
Angio intake,41001,0,3037253
er crystilliods,42739,0,3037253
ew ivf,44419,0,3037253
ER in NS,46123,0,3037253
ns 1/2cc:1cc replace,45870,0,3037253
1/4 NS,41459,0,3037253
angio,42913,0,3037253
angio crystalloid,42363,0,3037253
ED NS,45298,0,3037253
ER IVF,42306,0,3037253
er crystalloid,42038,0,3037253
ED IVFs,44832,0,3037253
ns .9% bolus,41428,0,3037253
er ns,44498,0,3037253
ANGIO CRYSTALLOIDS,42082,0,3037253
PLASMALYTE,44442,0,3037253
preadmit to ICU NS,43112,0,3037253
PLASMAKYTE,42955,0,3037253
NS cc/cc,45137,0,3037253
LR w/50meqNAacetate,45321,0,3037253
ED CRYSTALLOID,46524,0,3037253
OR Plasmalyte,46600,0,3037253
er intake iv,44480,0,3037253
FLUID BOLUS,44200,0,3037253
OR INPUT CRYSTALLOID,43739,0,3037253
cath lab,40780,0,3037253
OR Cell Saver,46599,0,3037253
albumin 12.5%,42832,0,3037253
ER CRYST,42221,0,3037253
or plasmalyte,45318,0,3037253
ER NS BOLUSES,43014,0,3037253
fl bolus,44126,0,3037253
20Gm CaGluc/1000ccNS,42797,0,3037253
PACU IN,45377,0,3037253
ANGIO CRYSTTALOID,43750,0,3037253
Angio IN,42954,0,3037253
NS W/ 40MEQ KCL,42725,0,3037253
crystalloid from f10,46404,0,3037253
NS fluid bolus,42844,0,3037253
IR IN,42878,0,3037253
LR w/40 kcl,42288,0,3037253
D5 LR with 40mEq K+,44386,0,3037253
.45ns + 1 amp bicarb,42244,0,3037253
replacement fluid,44446,0,3037253
crystalloid- ed,44825,0,3037253
1/2 NS + 20 KCL,44690,0,3037253
NS FLUID BOLUS,44741,0,3037253
ANGIO CRYSTALLOID,42242,0,3037253
PLASMA-LYTE,45856,0,3037253
FFP Drip,44044,0,3037253
vicu cryst,42401,0,3037253
D5LR W/40K,42409,0,3037253
IR Intake,45542,0,3037253
ED PRBC,46407,0,3037253
CATH LAB FLUID,41388,0,3037253
intake from vicu,45146,0,3037253
LR Bolus,44184,0,3037253
ivf on medical floor,43720,0,3037253
ir intake,46777,0,3037253
IR intake,41777,0,3037253
er iv intake,42364,0,3037253
EW FLUID,42920,0,3037253
IV Bolus,41356,0,3037253
ns w/ 40meq kcl,42790,0,3037253
iv bolus,43986,0,3037253
plasmalyte bolus,44431,0,3037253
medical floor ivf,45230,0,3037253
D5LR 40K,44915,0,3037253
D5 1/4 SODIUM BICARB,42980,0,3037253
ns w/40 kcl,42161,0,3037253
NS Bolus,42548,0,3037253
iv intake,43131,0,3037253
NS W/40KCL,42230,0,3037253
OR Intake,46758,0,3037253
RL BOLUS,44110,0,3037253
ER COLLOIDS,45253,0,3037253
lr bolus,46781,0,3037253
ns boluses,44633,0,3037253
OR Plasyalyte,45355,0,3037253
pre arrival ivf,46639,0,3037253
ED crystal,45668,0,3037253
E.R. CRYSTALLOID,42660,0,3037253
OR plasmalyte,44953,0,3037253
FLOOR INTAKE IV,45171,0,3037253
Fluid in cath lab,42503,0,3037253
LR,44367,0,3037253
NS W/ 20 GM CAGLUC,42908,0,3037253
IVF ON FLOOR,46081,0,3037253
ED cryst,45393,0,3037253
LR w/ 40 mEq,42345,0,3037253
NS 40 KCL,42087,0,3037253
LR bolus,44521,0,3037253
catrh lab ivf,46553,0,3037253
Bolus NS,44983,0,3037253
ALBUMIN,40548,0,3037253
MULTIVITAMIN BAG,46577,0,3037253
OR INTAKE,44164,0,3037253
ns w/40 KCL,45220,0,3037253
OR/PACU,44057,0,3037253
ns cc/cc replacement,45155,0,3037253
Cryst on floor,44487,0,3037253
cell saver/or,42538,0,3037253
.9NS bolus,44491,0,3037253
fluid bolus ns,44263,0,3037253
NS fluid boluses,41695,0,3037253
angio cryst,44049,0,3037253
OR Fluid,45713,0,3037253
500 cc ns bolus,45079,0,3037253
IR blood products,41776,0,3037253
0.9%NS with 40KCL,46355,0,3037253
cell saver OR,42784,0,3037253
cc:cc REPLACEMENT,44478,0,3037253
ERCP IV intake,45372,0,3037253
1/2cc:cc 0.45% NS,46589,0,3037253
farr 7 crystalloid,42489,0,3037253
FLOOR CRYSTALLOIDS,42858,0,3037253
PACU intake,44986,0,3037253
1/2cc:cc repletion,46126,0,3037253
INTERVENTIONAL RADIY,42574,0,3037253
ANGIO INTIAKE,46641,0,3037253
Floor NS Bolus,46688,0,3037253
CATH LAB IV INTAKE,42360,0,3037253
er prbc,42324,0,3037253
ed crystalloids,46406,0,3037253
intake from floor,43107,0,3037253
iv fluids on floor.,45751,0,3037253
albumin,45403,0,3037253
IR INTAKE,42938,0,3037253
angio crystalloids,42468,0,3037253
NS IV bolus,41467,0,3037253
nsbolus,41380,0,3037253
500cc ns bolus,45480,0,3037253
Floor crystalloid,46529,0,3037253
LR BOLUS,44815,0,3037253
fluid bolus NS,42749,0,3037253
NS Fluid Bolus,45989,0,3037253
ns fluid boluses,41237,0,3037253
D5W/CAGLU 40GMS,42917,0,3037253
CRYSTALLOID IN ANGIO,42370,0,3037253
1/2 ns 1/2cc:cc,44504,0,3037253
ed crystalloid,42820,0,3037253
iv upon arrival,45239,0,3037253
crystalloids in ango,46171,0,3037253
OR CELL SAVER,42830,0,3037253
Floor cryst,44048,0,3037253
IV INTAKE F2,44842,0,3037253
CRYST FROM FLOOR,45090,0,3037253
IR Lactated ringers,45532,0,3037253
CC7 CRYSTALLOIDS,42238,0,3037253
OR intake,41000,0,3037253
Albumin,46564,0,3037253
floor crystalloid,44683,0,3037253
OR cryo,46192,0,3037253
normal saline bolus,44053,0,3037253
Bolus,40423,0,3037253
D5W 500ml bolus,44893,0,3037253
ANGIO CRYSTALL,42039,0,3037253
1/2 ns bolus,41526,0,3037253
CRYST ANGIO,42231,0,3037253
OR LR,46207,0,3037253
CELL SAVER IN OR,42629,0,3037253
.45NS BOLUS,44439,0,3037253
N/s 500 ml bolus,44894,0,3037253
1/2 nsfluidbolus,41427,0,3037253
D5W Bolus,44335,0,3037253
IR CRYSTALLOID,42606,0,3037253
fld bolus,46400,0,3037253
Albumin 12.5%,44203,0,3037253
NS thru portal cath,45208,0,3037253
ED FFP,45669,0,3037253
CATH LAB CRYST,42192,0,3037253
LR W/ 20 KCL,42265,0,3037253
NS IN ER,41445,0,3037253
E.R. prbc,46612,0,3037253
ER FFP,46684,0,3037253
OR cell saver,46078,0,3037253
EP lab intake,46634,0,3037253
OR Cyroprecipatate,43952,0,3037253
ER in FFP,46122,0,3037253
or cryoprecipate,45317,0,3037253
Floor FFP,46530,0,3037253
OR Albumin,44952,0,3037253
OR Cryocipretate,45134,0,3037253
bolus ns,44426,0,3037253
cell saver in OR,42866,0,3037253
OR CELL Saver,45379,0,3037253
.45 NS,43406,0,3037253
IV INTAKE-ANGIO,46167,0,3037253
Angio In,42845,0,3037253
IV IG,45886,0,3037253
Normal Saline Bolus,44440,0,3037253
crystalloid farr 5,42528,0,3037253
D5LR 20KCL,42978,0,3037253
Albumin (human) 25%,43353,0,3037253
D10W bolus,43423,0,3037253
D10 bolus,43229,0,3037253
D10W BOLUS,43228,0,3037253
25% Albumin,43237,0,3037253
packed cells pacu,43010,0,3037253
ffp pacu,43009,0,3037253
REPLETE WITH FIBER,45597,0,3006552
GOLYTELY,42665,0,3006552
2/3 str impact/fiber,44050,0,3006552
impact w/fiber 3/4,44218,0,3006552
free water boluses,41430,0,3006552
replete with fiber,45381,0,3006552
PE 30 NG,46019,0,3006552
Impact w/fiber 2/3,44202,0,3006552
SC30FeNG,45407,0,3006552
SSC 30 NG,45681,0,3006552
Replete w/ fiber,45406,0,3006552
free h20,42187,0,3006552
SC 26 PO,45725,0,3006552
Neocate 28 PO,45821,0,3006552
golytely,41579,0,3006552
PE 26 NG,46006,0,3006552
Portagen 20cal,43488,0,3006552
REPLETE/FIBER,45370,0,3006552
PE30 NG,45987,0,3006552
PE26 PO,46015,0,3006552
impact w/fiber+promo,42091,0,3006552
PE32 w/ beneprotein,46160,0,3006552
golytle prep,43719,0,3006552
GO LYTELY,41853,0,3006552
E24 with BP NG,46281,0,3006552
3/4 IMPACT/FIBER,43994,0,3006552
GoLytely,41086,0,3006552
1/2 ST IMPACT/FIBER,44675,0,3006552
PE 30,45984,0,3006552
2/3 st impact /fiber,44699,0,3006552
SC 28 NG,45502,0,3006552
SSC 30 pg,45721,0,3006552
SSC 28,45392,0,3006552
SC26,45606,0,3006552
PE 26,46101,0,3006552
SC26 NG,45473,0,3006552
Enfamil 30cals/ounce,44780,0,3006552
golytle,41850,0,3006552
PE 26 PO,46008,0,3006552
free water,40872,0,3006552
SSC30NG,45902,0,3006552
GoLYTELY,46051,0,3006552
3/4 ST IMPACT,44608,0,3006552
go-lytly,44960,0,3006552
Enfacare 26 PO,46280,0,3006552
SSC24 with BP,46236,0,3006552
free H20,40712,0,3006552
SSC26,45391,0,3006552
SimSC28,45656,0,3006552
SC 28 pg,45808,0,3006552
go-lytely,41216,0,3006552
NEPRO W/ PROMOD,42462,0,3006552
PE 30 PO,45986,0,3006552
PE26 NG,45981,0,3006552
Pe26 + beneprotein,46113,0,3006552
FREE H20,41984,0,3006552
GOLYTLE,45380,0,3006552
FREE WATER,41915,0,3006552
PE 28 PO,45999,0,3006552
PROMOTE/FIBER,42106,0,3006552
Sim SC 28,45671,0,3006552
Similac SC 30 PG,45903,0,3006552
Enfacare 26,46298,0,3006552
SC32,45364,0,3006552
Neosure 30 PO,44391,0,3006552
3/4st promote wfiber,44045,0,3006552
Replete with fiber,45515,0,3006552
SC 28 PG,45913,0,3006552
PE28,46046,0,3006552
NUTREN PUL 2/3st mvi,45385,0,3006552
"SC28 liquid,PO",45513,0,3006552
golytly,41275,0,3006552
PE28 NG,45988,0,3006552
PE28 PO,45990,0,3006552
"SC28 liquid, PO",45514,0,3006552
replete w/fiber 3/4,45587,0,3006552
lactulose,46776,0,3006552
pe28 ng,46472,0,3006552
IMPACTW/FIBER+PROMOD,42135,0,3006552
SC 28,45684,0,3006552
PE 30 PG,45964,0,3006552
go-lytley,40998,0,3006552
SSC 28 PO,45475,0,3006552
H2O Bolus,46501,0,3006552
free H2O,40424,0,3006552
Free Water,44492,0,3006552
Replete w/Fib w/prot,46765,0,3006552
Impact/fiber/Pepto,44318,0,3006552
Citrate,46284,0,3035875
capd dialysate,41460,0,3035875
PD dialysate in,40788,0,3035875
dialysate in,41620,0,3035875
PD,43141,0,3035875
citrate,46417,0,3035875
HD,41122,0,3035875
PD INFUSED,41429,0,3035875
prismasate,46693,0,3035875
PD Dialysate,46720,0,3035875
dialysate 2.5%,44527,0,3035875
PD Dwell,44994,0,3035875
PD fluid in,46165,0,3035875
abd wound,46085,0,3035875
CRRT Citrate,46293,0,3035875
0.5:1 U/O REPLETION,43810,0,3035875
dialysate,40907,0,3035875
Dialysate Instilled,44037,0,3035875
NS CT IRRIGANT,44737,0,3035875
CAPD efluent,41714,0,3035875
Cisatracurium,30114,0,3035875
Peritoneal Dialysate,41307,0,3035875
PD ouput,44900,0,3035875
Nicardipine,30178,0,3035875
CAPD dialysate dwell,41711,0,3035875
CITRATE,43778,0,3035875
Dialysate instilled,41147,0,3035875
Protonix,41101,0,3035875
citrate/ACD,46730,0,3035875
Peritoneal fluid,43869,0,3035875
Peritoneal Dial In,44544,0,3035875
protonix,40549,0,3035875
cisatricurium,40552,0,3035875
PD Fluid 1.5%,42456,0,3035875
ED INTAKE,41092,0,3035875
PD 2.5% Dextrose,45427,0,3035875
ER intake,44769,0,3035875
HD fluid removal,43689,0,3035875
PE26,46052,0,3035875
gu irrigant,44949,0,3035875
paracentisis,40691,0,3035875
rescue flush,46516,0,3035875
ED intake,41084,0,3035875
KCL,30026,0,3035875
bile replacement/q4h,42166,0,3035875
pantoprazole,41583,0,3035875
CALCIUM,43747,0,3035875
Xigris,30384,0,3035875
EBL,40450,0,3035875
CA GLUCONATE,42504,0,3035875
ascites,41726,0,3035875
peritoneal fluid,42217,0,3035875
peritoneal dialysate,44698,0,3035875
citrate dextrose,46651,0,3035875
1.5% dialysate,41792,0,3035875
SSC 30,45399,0,3035875
SC30,45685,0,3035875
bag from incision,43977,0,3035875
citrate infusion,46791,0,3035875
Solumedrol,30069,0,3035875
lactulose enema,41415,0,3035875
CUTANEOUS WOUND DRG,45104,0,3035875
Mucomyst,41848,0,3035875
citrate gtt,46665,0,3035875
PE32,46009,0,3035875
Acetylcysteine,44107,0,3035875
insensible loss,42277,0,3035875
ALCOHOL 10%DRIP G/HR,42564,0,3035875
HD removal,44270,0,3035875
hd,41220,0,3035875
THAM,40283,0,3035875
CITRATE DEXTROSE 3%,46636,0,3035875
baricat,40635,0,3035875
20 GM CAGLUC/1L D5W,42693,0,3035875
PD catheter,44122,0,3035875
dialysate 1.5% dex,44526,0,3035875
PD in,44822,0,3035875
PROTONIX,44008,0,3035875
R groin,44175,0,3035875
floor intake,41234,0,3035875
PD intake,43864,0,3035875
ER INTAKE,42058,0,3035875
Cyclosporine,45661,0,3035875
FENOLDOPAM 10MG/250C,42455,0,3035875
hd off,41662,0,3035875
left groin site,43708,0,3035875
Pulmonary TF,45323,0,3035875
NS/40GM CA GLU,43135,0,3035875
PD exchange 2.5%,44621,0,3035875
cyclosporine,41193,0,3035875
VAC,46023,0,3035875
PROSOBEE 24 by conc,44743,0,3035875
CBI-NS,42061,0,3035875
from beverely hosp t,46039,0,3035875
READI-CAT,42382,0,3035875
K PHOS,40385,0,3035875
GU IRRIGANT,42699,0,3035875
plasmapheresis,44528,0,3035875
cc/cc,45802,0,3035875
PD Dialysate Intake,41063,0,3035875
methadone,44306,0,3035875
Potassium Phosphate,30029,0,3035875
3% citrate,46798,0,3035875
effluent,45109,0,3035875
D5W & 3 AMP BICARD,45206,0,3035875
pheresis,40963,0,3035875
Pantoprazole,40700,0,3035875
CRRT Irrigation,46292,0,3035875
PD fluid 2.5%,42452,0,3035875
O.R. ASCITES,46698,0,3035875
EW intake,42645,0,3035875
mucomyst,43683,0,3035875
Peritoneal Fluid,44056,0,3035875
hemo dial ultrafil,46305,0,3035875
3%CITRATE DEXTROSECF,46772,0,3035875
D5W w/20gm CaGluc,42430,0,3035875
Baricat,44779,0,3035875
rescue line,46632,0,3035875
ENFAMIL AR 28 cal,43509,0,3035875
crrt irrigation,46311,0,3035875
sodium phosphate,40281,0,3035875
Vanco Enema In:,41653,0,3035875
acetylcysteine,45302,0,3035875
redicat,41372,0,3035875
OR Ascites,44021,0,3035875
CRRT FLUSH,46389,0,3035875
KPHOS,41353,0,3035875
pd fluid in,45143,0,3035875
KPhos,40864,0,3035875
Mushroom catheter,44379,0,3035875
Citrate Dextrose 3%,46747,0,3035875
hd removal,41555,0,3035875
NOVASOURCE,45195,0,3035875
RESCUE LINE,46493,0,3035875
Hemodiaylsis,45012,0,3035875
CRITICARE TF,42150,0,3035875
cyclosporin,43677,0,3035875
Sodium Phosphate,41183,0,3035875
k phos,40863,0,3035875
dialysate 4.25%,44591,0,3035875
Bicarb,43619,0,3035875
P.D. In,44036,0,3035875
protonix gtt,44849,0,3035875
HD fluid off,41077,0,3035875
Lepirudin,30177,0,3035875
Protonix GTT,45755,0,3035875
Nicardipine (mg/h),42967,0,3035875
ATG,41938,0,3035875
Pheresis Intake,44878,0,3035875
Paracentisis,41780,0,3035875
carevue downtime,42713,0,3035875
acites,44990,0,3035875
EW INTAKE,42307,0,3035875
ER Intake,44642,0,3035875
ER,41610,0,3035875
2.5% dialysate in,41791,0,3035875
PERITONEAL DIALYSATE,43829,0,3035875
EMERGENCY DEPT,41048,0,3035875
paracenitis,44145,0,3035875
Good Start 20cals,46151,0,3035875
Nulytely prep,42207,0,3035875
1000N/S 20GM CA GLU,42484,0,3035875
thorocentisis,44553,0,3035875
1/2CC/CCJT REPLETION,46461,0,3035875
JT bile,40646,0,3035875
CRRT rescue line NS,46574,0,3035875
Ascites,44212,0,3035875
Protonix gtt,42204,0,3035875
E26,46343,0,3035875
calcium,44441,0,3035875
12 reisman ivf,45978,0,3035875
ED,45183,0,3035875
HD REMOVAL,42234,0,3035875
SC28,45744,0,3035875
farr 9 intake,45935,0,3035875
Plasmapheresis,44511,0,3035875
INTAKE ON FLOOR,42418,0,3035875
ACETYLCYSTEINE GTT,45179,0,3035875
Alcohol Gm/hour,42697,0,3035875
Nutrem Pulmonary FS,46007,0,3035875
KPO4,44162,0,3035875
R fem drg site,42618,0,3035875
1/2str Impact,45032,0,3035875
NS w/40gms CaGluc,43063,0,3035875
CRYS CC7,42215,0,3035875
groin bag,46594,0,3035875
Floor Intake,43929,0,3035875
peritoneal puncture,46413,0,3035875
FIB left leg,44871,0,3035875
foley,45967,0,3035875
hemodyalysis,40535,0,3035875
CRRT Rescue Flush,46681,0,3035875
.5:1 NS REPLETION,43825,0,3035875
ed intake,44590,0,3035875
PD 1.5%,42477,0,3035875
PD 1.5% Dextrose,45426,0,3035875
capd,41474,0,3035875
12 resiman ivf,46200,0,3035875
OSH IVF,46770,0,3035875
er,44473,0,3035875
PE30,45961,0,3035875
contrast,41642,0,3035875
Barocet,41856,0,3035875
SC 26 pg,45719,0,3035875
mannitol,41408,0,3035875
bile,44776,0,3035875
d5ns with 40 meqkcl,45358,0,3035875
SSC26 PO,45458,0,3035875
Plasma-Lyte A,46300,0,3035875
SC26 PG,45599,0,3035875
Pigtail Flush,41028,0,3035875
PE32 PO,46075,0,3035875
golytlely,41825,0,3035875
er intake,42380,0,3035875
promote/fib/beneprot,45170,0,3035875
Pheresis,44861,0,3035875
replete w/ fiber,45865,0,3035875
Vanco Enema,43903,0,3035875
floor in,44000,0,3035875
"SC26,NG",45757,0,3035875
rescue,46547,0,3035875
SSC24,46211,0,3035875
PROTONIX GTT,40777,0,3035875
Replete w/fiber FS,45598,0,3035875
d5w/40 gm ca gluc,43126,0,3035875
SC 30,45683,0,3035875
Cyclosporin,41093,0,3035875
PARACENTISIS,45414,0,3035875
ascites fld,43845,0,3035875
ACETYLCYSTEINE,42573,0,3035875
BYPASS REMOVAL,43044,0,3035875
Similac SC 30 PO,45904,0,3035875
Free H2O,40778,0,3035875
PE 28 NG,45998,0,3035875
Portagen 24,43370,0,3035875
PROMOTE WIH FIBER,42027,0,3035875
Bivalirudin,30174,0,3035875
Rescue Line,46549,0,3035875
WaterBolus,45045,0,3035875
kphos,42691,0,3035875
colyte,45311,0,3035875
Enema,44265,0,3035875
1/2STR PROMOTE/FIBER,43147,0,3035875
bumex,41518,0,3035875
ca gluconate,45699,0,3035875
Acetylcystein,46540,0,3035875
free h20 bolus,41582,0,3035875
SC 26 PG,45724,0,3035875
L. GROIN,43077,0,3035875
"PE30,NG",46057,0,3035875
intake from paper,40953,0,3035875
Lactulose enema,44094,0,3035875
Ca++ Gluconate,43070,0,3035875
EW,41676,0,3035875
PEROTONEAL FLUID,44224,0,3035875
Free H20 intake,41457,0,3035875
go lytely,46227,0,3035875
GO LYTLE,44645,0,3035875
EW fluids,46209,0,3035875
Go-Lytely,44001,0,3035875
.45NS & 1 AMP BICARB,42241,0,3035875
osh ivf of ns,46353,0,3035875
3/4st impact w/fiber,42641,0,3035875
lactulose Enema,41688,0,3035875
VICU IVF,42587,0,3035875
NS CT IRRIGATION,42886,0,3035875
Precedex,30167,0,3035875
Sodium Bicarb,42999,0,3035875
nimbex cc/hr,42174,0,3035875
CONTRAST VIA NG,42311,0,3035875
while carevue down,42714,0,3035875
1000D5/130NA ACETATE,42566,0,3035875
Enfamil AR PO,44420,0,3035875
Old trauma line site,42112,0,3035875
"SC 26 Liquid, NG",45503,0,3035875
Golytely,45756,0,3035875
PE24NG+2MCT+Promod,43506,0,3035875
CISATRA,42299,0,3035875
1/2 STR IMPACT/FIBER,43134,0,3035875
RBC waste,45020,0,3035875
SimSC30,45614,0,3035875
sc30,45718,0,3035875
SSC30,45401,0,3035875
PE 32cals,46069,0,3035875
SSC 26,45384,0,3035875
Sim30 w Polycose NG,45236,0,3035875
Neocate 20 PO,44523,0,3035875
SC26 PO,45600,0,3035875
SC30pg,45470,0,3035875
Pre adm-Floor IV,42879,0,3035875
Portagen,43230,0,3035875
study drug,41846,0,3035875
void,43332,0,3035875
CC/CC REPLACEMENT,44965,0,3035875
er in,43704,0,3035875
Pheresis - In,42791,0,3035875
flolan,41859,0,3035875
Portagen 20 cal po,43241,0,3035875
farr 7 intake,42439,0,3035875
MANNITOL,40030,0,3035875
SSC 28 NG,45680,0,3035875
bicarb 150meq,44355,0,3035875
intake angio,44817,0,3035875
paracenthesis,40803,0,3035875
ivf on floor,45289,0,3035875
thoracentisis,43772,0,3035875
"SC28 liquid, NG",45511,0,3035875
SC 30 PO,45803,0,3035875
SC 28 PO,45768,0,3035875
Neosure32 PG,45334,0,3035875
SC30 PG,45469,0,3035875
Neosure32 PO,45335,0,3035875
OR OTHER,42711,0,3035875
Thoracentisis,43910,0,3035875
Enf 28 2cal corn oil,46386,0,3035875
SC33 PO,45274,0,3035875
VICU PRBC,42588,0,3035875
ABD INCIS,46095,0,3035875
IR U/O,42610,0,3035875
ET aspirate,44459,0,3035875
CARIPORIDE,42372,0,3035875
L CT SITE,42925,0,3035875
Neocate +rice cereal,45868,0,3035875
TPA,30135,0,3035875
RT. PIGTAIL,42177,0,3035875
cistatracurium,42100,0,3035875
Nutren,45448,0,3035875
Pulmonary,45151,0,3035875
GASTROGRAFIN,42007,0,3035875
E28,46083,0,3035875
SpecialCare 28 PG,45929,0,3035875
total intake since n,41744,0,3035875
Glucagon infusion,45333,0,3035875
plural fluid,41508,0,3035875
CISATRICARIUM CC/HR,42246,0,3035875
Cisatracurium gtt,42385,0,3035875
Neosure 27,45947,0,3035875
ready cat,41413,0,3035875
ebl,42047,0,3035875
Cisat mcg/kg/min,42414,0,3035875
Free water,42429,0,3035875
CALC GLUC,44963,0,3035875
Glucagon 25mg/250,45387,0,3035875
ER input,44499,0,3035875
BRBPR,42249,0,3035875
rt & lt groin sites,45288,0,3035875
CVVHDF CA GLUC,46172,0,3035875
multivitamins,42805,0,3035875
BICARB,41759,0,3035875
d5w&25meqk+acetate,44038,0,3035875
Nutramigen26 PO,46273,0,3035875
3/4 STR NEPRO,44105,0,3035875
Flolan,41410,0,3035875
Tap Water Enema,46509,0,3035875
Ascitic fluid OR,44917,0,3035875
Gu irrigant,44387,0,3035875
belly fluid.,46229,0,3035875
OR ABDOMINAL DNG,42213,0,3035875
Lactulose Enema,41704,0,3035875
I.R. intake,42942,0,3035875
PLAMA-LYTE,42764,0,3035875
PD4.5%,42458,0,3035875
PD solution in,46538,0,3035875
D5NS 40K,45374,0,3035875
OR BILE,42570,0,3035875
pre admission intake,44385,0,3035875
NEURO-RAD IN,42413,0,3035875
Neocate 26 po,45785,0,3035875
Neocate 26,43962,0,3035875
CRYSTAL IN/DAY SHIFT,42715,0,3035875
nicardipine gtt,41823,0,3035875
1/2 STR. IMPACT/FIBR,42440,0,3035875
R fem. bag,45001,0,3035875
FLOLAN,40976,0,3035875
THOROCENTISIS,44016,0,3035875
NOVASOURCE/PULMONARY,45176,0,3035875
1/2 str Nepro,44484,0,3035875
Ca,45478,0,3035875
SSC26 ng,45450,0,3035875
PE 28 PG,45982,0,3035875
Nutramigen26 NG,46272,0,3035875
1/2STR. IMPACT + FIB,43900,0,3035875
gastrograffin,41765,0,3035875
NA BICARB,40611,0,3035875
Sim 26,45946,0,3035875
iv fluid from osh,41367,0,3035875
Sodium Bicarbonate,30030,0,3035875
Pe28,46470,0,3035875
Golytley,45709,0,3035875
protonix infusion,40749,0,3035875
3/4 str Impact w/fib,42814,0,3035875
NG residual,44381,0,3035875
CC6 INTAKE,42381,0,3035875
2/3Str Replete/Fiber,45777,0,3035875
dye,45197,0,3035875
Angio Intake,45646,0,3035875
ns bladder,40795,0,3035875
Nutramigin 26 NG,46411,0,3035875
FREE WATER BOLUSES,43936,0,3035875
Floor intake,42770,0,3035875
SSC 30 po,45731,0,3035875
FARR 10 INTAKE,43798,0,3035875
readycat,43921,0,3035875
130meqNAACETATE/D5W,42567,0,3035875
Bannana Bag,41621,0,3035875
Sim30 w Polycose PO,45237,0,3035875
D5W 20GMS CA GLUC,42898,0,3035875
REDICAT,42136,0,3035875
Multivitamin,41568,0,3035875
SC 28 po,45580,0,3035875
1:1 U/O REPLETION,43799,0,3035875
Mannitol,41632,0,3035875
betadine chest irrig,42812,0,3035875
RESCUE FLUSH,46635,0,3035875
Bicarb gtt,41835,0,3035875
ca glu 40gm/1L,43050,0,3035875
ANGIO U/O,41951,0,3035875
SC 26cals,45722,0,3035875
urinary irrigant,42099,0,3035875
Aprotinin,30146,0,3035875
1/2ST IMPACT/FIBER,42663,0,3035875
SSC 30 PO,45444,0,3035875
leeking skin bags,45027,0,3035875
K Phos,41067,0,3035875
1/2 str impact,44826,0,3035875
NaHCO3,44602,0,3035875
i&o by paper,41747,0,3035875
ANTI-THYMOCYTE GLOB,42451,0,3035875
Golytly,43109,0,3035875
Sodium Citrate ml/hr,46603,0,3035875
1/2cc/1cc replace,44945,0,3035875
SSC28,45459,0,3035875
Pheresis Balance,45885,0,3035875
NG EAR 30cal,43439,0,3035875
plasma pheresis,40801,0,3035875
Special Care 28 NG,45945,0,3035875
Methylprednisolone,44585,0,3035875
Golytely bowel prep,46457,0,3035875
E24,45048,0,3035875
E26 CONCENTRATE,46036,0,3035875
SODABICARB DRIP,46251,0,3035875
Plasmalyte-A,46792,0,3035875
H20 BOLUS VIA NG,41745,0,3035875
ED Intake,41409,0,3035875
frfee water boluses,41619,0,3035875
Hemo,45486,0,3035875
PD Intake,43861,0,3035875
HUO ANGIO,42235,0,3035875
Pitocin/LR,45983,0,3035875
Promote w/ fiber 3/4,44010,0,3035875
D5.45 60K,42025,0,3035875
farr7 intake-iv,44505,0,3035875
MUCOMYST,46065,0,3035875
potassium,44711,0,3035875
l&d uo,44438,0,3035875
Novasource,45200,0,3035875
paracentsis,41520,0,3035875
ml/kg/day,43520,0,3035875
angio u/o,42031,0,3035875
C SCAN,42127,0,3035875
10meq k+/100,45156,0,3035875
PE 31 PG,46245,0,3035875
E 26 PO,46308,0,3035875
SODIUM PHOSPHATE,42488,0,3035875
golytely prep,45375,0,3035875
FA6 IVF,43041,0,3035875
PE32 NG,46465,0,3035875
D5W/10GM CAGLUC,42915,0,3035875
1/2 STR.CRITICARE HN,42833,0,3035875
ALCOHOL,42561,0,3035875
PE 28 po,46042,0,3035875
floor,45752,0,3035875
scf 30 gavage,45336,0,3035875
N-acetylcysteine,45871,0,3035875
CBP FLUID,44112,0,3035875
farr2,42825,0,3035875
SIM 26.,45909,0,3035875
na phos,42282,0,3035875
ct contrast,41389,0,3035875
Gentamycin Chest Irn,45119,0,3035875
po SSC 26,45937,0,3035875
protonics,40402,0,3035875
K phos,44009,0,3035875
GI UNIT INTAKE,44603,0,3035875
iv fluid since mn,41740,0,3035875
criticare hn tf,42049,0,3035875
G/J collection bag,45610,0,3035875
FARR 5 IN,42224,0,3035875
HYDROCHLORIDE ACID G,43826,0,3035875
CARIPORIDE CC/HR,42325,0,3035875
2/3 str Impact with.,46105,0,3035875
readi-ct,40583,0,3035875
OR ascites,43877,0,3035875
Oral,46726,0,3035875
Portagen NG,43367,0,3035875
3/4str impact w/fibr,41851,0,3035875
Neosure 26cal po,44579,0,3035875
PE 28 cals,46153,0,3035875
CA GLUC for CVVH,45352,0,3035875
Mucamyst iv.,45369,0,3035875
D5W 100MEQ BICARB,43823,0,3035875
RIGHT THORACENTISIS,45041,0,3035875
SC28with beneprotein,46163,0,3035875
SSC30 PO,45400,0,3035875
glucagon,41710,0,3035875
HD  liters taken off,45097,0,3035875
PROTONIX DRIP,42285,0,3035875
ECMO CRYSTALLOID,43928,0,3035875
r leg leaking fluid,40598,0,3035875
SC 26cal pg,45433,0,3035875
ER U/O,42102,0,3035875
NAHCO3,41983,0,3035875
replete full strengh,45544,0,3035875
NA PHOS,41906,0,3035875
SC30 po,45471,0,3035875
3/4 IMPACT W/ FIBER,44061,0,3035875
intrathecal catheter,44547,0,3035875
gastrografin,43746,0,3035875
Protonix Drip,44125,0,3035875
uo on floor,45787,0,3035875
Bumex,46554,0,3035875
1/2 STR. VIVONEX,42335,0,3035875
Bari-cat,41773,0,3035875
LLQ wound bag,46043,0,3035875
Nicardipine mg/hr,41189,0,3035875
PE 31 PO,46246,0,3035875
ABDOMINAL SUMP,42208,0,3035875
Nutramigin 26 PO,46412,0,3035875
kcl 10 meq/100 ml  0,46790,0,3035875
Neosure30,45330,0,3035875
pantaprozole,46010,0,3035875
Isuprel,30046,0,3035875
left fem a-line site,42211,0,3035875
PE 28,46155,0,3035875
rt groin site,46699,0,3035875
Nutren 3/4str,45572,0,3035875
GO-LYTELY,41652,0,3035875
ER FLUIDS,41352,0,3035875
HD off,45732,0,3035875
bowel prep,45223,0,3035875
iv intake in angio,41701,0,3035875
before icu ns,41466,0,3035875
FARR 6 IN IVF,42762,0,3035875
ER intake NS,46736,0,3035875
Thorancentisis,40989,0,3035875
D5W/1L/2AMP BICARB,43140,0,3035875
ED FLUID INTAKE,44835,0,3035875
EBL(OR),41358,0,3035875
BRBPR in EW,45091,0,3035875
or ascites,45540,0,3035875
pigtail infusion,44117,0,3035875
EW input,44575,0,3035875
D5W + 150MEQ BICARB,44648,0,3035875
Plasmalyte A,46617,0,3035875
Angiography Intake,45378,0,3035875
ER IV NS,45159,0,3035875
farr 2 intake,42654,0,3035875
READICAT,44023,0,3035875
kcl 10/100ml,46496,0,3035875
SSC 30 PG,45443,0,3035875
PE28 ng,46089,0,3035875
readi-cat2,46266,0,3035875
ACD-A,46460,0,3035875
PE 26 cal,46393,0,3035875
TOTAL IN ON PAPER CT,41741,0,3035875
Gentamycin Irrigatin,45644,0,3035875
enfacare 22 po,46094,0,3035875
SSC26 po,45451,0,3035875
chemo ara-c,44787,0,3035875
nimbex mcg/kg/min,42045,0,3035875
SC30PO,45472,0,3035875
ANCEF IRRIGATION,42424,0,3035875
gastrogavin,42613,0,3035875
contrast via ng,43108,0,3035875
ENEMA,41575,0,3035875
HCL GTTS 75MEQ/500ML,43139,0,3035875
enfacare 26 po,46114,0,3035875
Nutramigen 26,45663,0,3035875
nutren renal fs,45648,0,3035875
CHEMO:Cytarabine,44796,0,3035875
BICARB GTT,45031,0,3035875
K-PHOS,40596,0,3035875
Readi-Cat 2,44488,0,3035875
Kphos,40880,0,3035875
FLOOR IN,43049,0,3035875
CARIPORIDE ML/HR,42343,0,3035875
Enfamil AR 24 GT,43599,0,3035875
Flush Pack,46653,0,3035875
Impact w/Fiber 3/4,44451,0,3035875
OSH input,44712,0,3035875
RLQ OPEN AREA,43707,0,3035875
Gentamycin chest irt,45101,0,3035875
skin bag,44728,0,3035875
K+ Phos,41788,0,3035875
SC26 po,45445,0,3035875
ANGIO CRYS,42108,0,3035875
RL + 20K/100,43132,0,3035875
bicarbonate,46362,0,3035875
Rescue Flush,46691,0,3035875
L ARM,46320,0,3035875
SC32 w/BP,45409,0,3035875
REPLETE W/ FIBER,45691,0,3035875
D5W/20GM CA GLU,42827,0,3035875
PE28 w/Beneprotein,46248,0,3035875
KCL for CVVH,45353,0,3035875
Groin,45166,0,3035875
PANTOPRAZOLE,40550,0,3035875
D5W 10%ALCOHOL,42888,0,3035875
octreotide,41531,0,3035875
VAC RIGHT GROIN,45424,0,3035875
MANNITOL 20%,42743,0,3035875
Water bolus,41581,0,3035875
REDI-CAT,42188,0,3035875
Enf28 w/polycose,46341,0,3035875
Plasma-lyte,44031,0,3035875
pulmonary nutren,45701,0,3035875
Isocal,30084,0,3035875
Dextran40 10%,42731,0,3035875
"SC26,PO",45759,0,3035875
promote/fiber,42059,0,3035875
epidural,40726,0,3035875
sodium phos,41439,0,3035875
NaPhos,41162,0,3035875
Ca Gluc,41064,0,3035875
Mannitol 20%,40327,0,3035875
CVVHDF KCL,46173,0,3035875
hcl 50meq/500cc@   0,42408,0,3035875
open chest suction,42758,0,3035875
PE26 po,46045,0,3035875
r fem puncture site,44494,0,3035875
calcuim gluconate,46591,0,3035875
xygris,41651,0,3035875
kayexalate PR,40636,0,3035875
floor iv intake,44667,0,3035875
10% ALCOHOL DRIP,42576,0,3035875
]readi-cat,41841,0,3035875
IV fluid Farr5,42266,0,3035875
CO Fluid,30062,0,3035875
D5W 150meq NAHCO3,41824,0,3035875
3/4ST IMPACT/FIBER,44425,0,3035875
bicarb drip,41968,0,3035875
Amiodarone mg/hr,42342,0,3035875
KCL 40 MEQ IN 500MLS,46750,0,3035875
iv intake- farr 9,46166,0,3035875
banana bag,42599,0,3035875
DEXTRAN DRIP,42975,0,3035875
Angio in,44043,0,3035875
rectal vanco,44413,0,3035875
Dialysate IN,44584,0,3035875
farr 2 ivf,45854,0,3035875
Cladribine,43982,0,3035875
SSC 28 ng,45446,0,3035875
SODIUM BICARB 150MEQ,44182,0,3035875
Na Phos,42490,0,3035875
Ketamine,30151,0,3035875
Ca Gluconate,46291,0,3035875
soduim bicarbonate,46592,0,3035875
pantoprazole gtt,44820,0,3035875
ssc 26,45659,0,3035875
N/S + VINCRISTINE,46427,0,3035875
L.ARM BAG,43709,0,3035875
Neocate 24 PO,30397,0,3035875
cariporide,42361,0,3035875
na phosphate,40595,0,3035875
rescue line flush,46422,0,3035875
free water q6hrs,44713,0,3035875
oxytocin 10 units/LR,44156,0,3035875
THORACASENTESIS,45500,0,3035875
LACTULOSE PR,45398,0,3035875
dialysate 2.5% in,46262,0,3035875
prbc in er,42740,0,3035875
Barium,46511,0,3035875
PD fluid retained,41354,0,3035875
rectal irrigation,43122,0,3035875
TPN CORRECTION,44362,0,3035875
EW IN,43835,0,3035875
1/2 str NEPRO,44414,0,3035875
Ascites in IR,45537,0,3035875
D5W +3 Amps NaHco3,46361,0,3035875
N/S WITH 40MEQ OF KL,44881,0,3035875
barracat,41390,0,3035875
CT warming fluid,44738,0,3035875
NS/PITOCIN 20U,40832,0,3035875
OR Cryo,44287,0,3035875
10% Dextran 40/D5W,46336,0,3035875
SC 31 po,45297,0,3035875
uo since mn,41752,0,3035875
Epidural,42782,0,3035875
potassium phos,42628,0,3035875
Enfamil 26 Po,46338,0,3035875
ORAL SECRETION,46606,0,3035875
Gent chest irrigant,45203,0,3035875
STURDY HOSP,42295,0,3035875
D5W 150meq Sod Bicar,43725,0,3035875
cvvdh rescue line,46769,0,3035875
ed foley,46423,0,3035875
K+ PHOS,40699,0,3035875
reaadicat,41814,0,3035875
Neosure 26,45612,0,3035875
PE24PO+2MCT+Promod,43507,0,3035875
SSC30 NG,45571,0,3035875
Bumetanide,45275,0,3035875
Neosure 26 PO,44394,0,3035875
1/4ns w 100meqnahco3,42939,0,3035875
1/2 st IMPACT,44179,0,3035875
L groin,44383,0,3035875
Neosure 22 PO,43632,0,3035875
sodium bicarb,42848,0,3035875
bicarb,43661,0,3035875
THORACENTISIS,44326,0,3035875
1/2str impact/fiber,43088,0,3035875
NS with Folic Acid,44128,0,3035875
QUINIDINE GLUCONATE,45249,0,3035875
ON FLOOR,44297,0,3035875
1/2 impact /fibre,45126,0,3035875
SPC28,45783,0,3035875
Neosure 22 NG,43631,0,3035875
Alimentum 24 PO,30373,0,3035875
QUINIDINE,41351,0,3035875
Pregestilmil FS NG,43713,0,3035875
readicat contrast,43852,0,3035875
D5W Bicarb,45131,0,3035875
readi cat,40833,0,3035875
Oral Contrast,43923,0,3035875
or cryo,44242,0,3035875
GASTROGAVIN,42469,0,3035875
MgSO4     20gm/500cc,44343,0,3035875
neosure 26cal ng,45315,0,3035875
"PE32,NG",46088,0,3035875
portagen,43242,0,3035875
SC28PG,45819,0,3035875
HepB Immune Globulin,45164,0,3035875
lt groin site,45287,0,3035875
ABD wound bag,42448,0,3035875
K-Phos,46778,0,3035875
NIMBEX,41916,0,3035875
pamidronate,42063,0,3035875
acetylcystein,46687,0,3035875
PE26PO,46440,0,3035875
lacutlose enema,41760,0,3035875
OR ASCITES,42506,0,3035875
thoracentecis,45163,0,3035875
THORACENTEIS,46294,0,3035875
NET PD,43017,0,3035875
bowel movement,40586,0,3035875
dextran,42944,0,3035875
mesan,46194,0,3035875
DEXTROSE 25%,45360,0,3035875
NSS WITH MULTIVIT,46357,0,3035875
Protonix IV,44797,0,3035875
SC28 ng,45773,0,3035875
blood loss,43901,0,3035875
Potassium,41956,0,3035875
Pe28 cals/oz,46097,0,3035875
STUDY DRUG,42308,0,3035875
mannitol 50 grams,45211,0,3035875
EBL FROM OR,43740,0,3035875
150meq Bicarb/1L D5W,44976,0,3035875
FREE H2O,40532,0,3035875
IVPPI,45292,0,3035875
D5W WITH BICARB,44742,0,3035875
kvo,44800,0,3035875
IVF from metrowest,45676,0,3035875
PROTONIX MG/HR,41525,0,3035875
ep intake,44139,0,3035875
lr with pictocin,41083,0,3035875
colloids in angio,46170,0,3035875
Sim-26 w/promod,43774,0,3035875
Right Hand.,46697,0,3035875
D5W & 3 AMP BICARB,45161,0,3035875
Vasopressin,30051,0,3035875
nicardipine HCL,43037,0,3035875
bx site,41094,0,3035875
Mucamyst.,45481,0,3035875
SC33 NG,45273,0,3035875
1/2 ST REPLETE/FIBER,45775,0,3035875
Cath Lab Ouput,40866,0,3035875
natracor,40676,0,3035875
4.25travasol/5%dex.,42470,0,3035875
1/4STR BETAD. FLUSH,42084,0,3035875
D5W/0.9NS with meds,46383,0,3035875
K PHOS 15MMOL,46608,0,3035875
enema,44163,0,3035875
Procedure Suction,44630,0,3035875
NS w/ 40K,40632,0,3035875
BICARB 150 MEQ,44292,0,3035875
ew uo,44421,0,3035875
angio fluids /anes,42024,0,3035875
GASTROGRAFFIN,41561,0,3035875
D5W +NaHcO3,46455,0,3035875
1/2NSS & 100 NAHCO3,44966,0,3035875
R side pleuracent,45912,0,3035875
d5w/20g cagluc/L,42481,0,3035875
FARR 6 COLLOID,43055,0,3035875
SC 26 NG,45531,0,3035875
PO Fluids,45244,0,3035875
3/4 str nutrin,45505,0,3035875
D50% (50g/100cc),44635,0,3035875
VAC LEFT GROIN,45423,0,3035875
EW uo,44576,0,3035875
1/2 Nutren Pulmonary,45710,0,3035875
Narcan,30148,0,3035875
Replete with Fiber.,45657,0,3035875
na+ phosphate,43979,0,3035875
CT prep,41712,0,3035875
water bolus,41743,0,3035875
NS rescue flush,46708,0,3035875
iv fluid in angio,42115,0,3035875
DEXTROSE125GMS/250CC,42336,0,3035875
PE 26 w/Beneprotein,46256,0,3035875
Right brachial site,42901,0,3035875
pharesis fluids,44838,0,3035875
D5W/Ca Gluc 20Gm,42478,0,3035875
Travasol,42887,0,3035875
D50.45%NS + 60MQ KCL,46671,0,3035875
PE30 w beneprotein,46084,0,3035875
Rt. upper CT,43357,0,3035875
sodium phosphate 15m,46429,0,3035875
"mvi,thiam, folic d5w",45956,0,3035875
pantoprazole 8mg/hr,46203,0,3035875
METROWEST INTAKE,42088,0,3035875
D5 WITH 3 AMPS BICAB,44255,0,3035875
NS Kphos 15mmol,45633,0,3035875
30 mmol kphos/500ccw,46011,0,3035875
SSC 26 NG,45569,0,3035875
Natrecor,30172,0,3035875
JT flush,43757,0,3035875
ETOH Grams/hour,42804,0,3035875
PE30 OG,46048,0,3035875
Totals from midnight,44423,0,3035875
input from midnight,41746,0,3035875
PROMOTE/w/FIBER,42116,0,3035875
1000 D5W 20GM CAGLU,42483,0,3035875
Promote with fiber,42090,0,3035875
Gastrografen,46590,0,3035875
na bicarb,45029,0,3035875
right arm bag #1,46598,0,3035875
D5W with 3amps NaHC3,44100,0,3035875
ct gent gtt,45180,0,3035875
Free H20 bolus,45154,0,3035875
baricat ct contrast,44020,0,3035875
PE26NG,46438,0,3035875
NA Bicarb,45584,0,3035875
PO EAR30 cal,43440,0,3035875
ed blood products,44905,0,3035875
PE30 w/Beneprotein,46239,0,3035875
PE29 po,46297,0,3035875
ascites fluid bag,41179,0,3035875
quick mix tpn,45150,0,3035875
SpecialCare 30 PG,45963,0,3035875
D5W&Mucomyst,45114,0,3035875
Jevity (TF),45373,0,3035875
PHERESIS,43902,0,3035875
PRE ANGIO(PACU)CRYST,42083,0,3035875
blakemore,46707,0,3035875
cc6 ivf,42875,0,3035875
ENDOSCOPY,44011,0,3035875
Lactulose PR,45036,0,3035875
readi-cat,45609,0,3035875
Angion intake,43880,0,3035875
D5W/150MEQ NA BICARB,46749,0,3035875
ew-iv fliud,45980,0,3035875
NS 4gr Ca Gluconate,41449,0,3035875
tham,42344,0,3035875
paracentisis fluid,46238,0,3035875
anigo intake,43998,0,3035875
PR vanco,44568,0,3035875
vicu intake,43097,0,3035875
D5W/154MEQ NAACETATE,42736,0,3035875
thoracen fluid,41789,0,3035875
Vancomycin enema,43924,0,3035875
free water bolus.,46169,0,3035875
d5w& 3 amp nabicarb,44634,0,3035875
ns ivfin ed,45182,0,3035875
Lactulose300mg/NS700,41742,0,3035875
Rectal gastrograffi.,44396,0,3035875
PD IN,44054,0,3035875
FREE H20 BOLUS,42052,0,3035875
parencentis.,43971,0,3035875
D5W/amino acid 4.25%,45108,0,3035875
kayexelate enema,44240,0,3035875
plasmaphersis,44856,0,3035875
ivf from osh,46360,0,3035875
F2,45934,0,3035875
IVF IN ERCP,44702,0,3035875
Water,30034,0,3035875
SOLUMEDROL DRIP,42240,0,3035875
H20 BOlus,43909,0,3035875
d5w 10gm ca+ glucon,41065,0,3035875
NS 40K 500CC,43759,0,3035875
Nepro 3/4 w/Bene 75g,45177,0,3035875
Foley Catheter,44204,0,3035875
FLOOR UOP,45173,0,3035875
Similac 60/40,43657,0,3035875
Sodabicarb Drip.,46774,0,3035875
Rifampin,41609,0,3035875
doxorubicin,46196,0,3035875
sc 28 po,45948,0,3035875
Octreotide,44223,0,3035875
"SC 26 Liquid, PO",45504,0,3035875
1/2ns1000+20k,43999,0,3035875
Baracat,45189,0,3035875
bal cctn,41697,0,3035875
gastrogavin in h20,42274,0,3035875
supra pubic flush,40725,0,3035875
1/2 str. Nepro,45038,0,3035875
barium prep,43773,0,3035875
ED UOP,46762,0,3035875
Vac dressing,45652,0,3035875
d5w NHCO3 150,44987,0,3035875
SSC28 po,45880,0,3035875
PE26 ng,46076,0,3035875
10% ALCOHOL IN 5% D5,42777,0,3035875
3/4str impact/fiber,44631,0,3035875
SSC28 ng,45447,0,3035875
collection bag,46462,0,3035875
CC7 FLUIDS,42194,0,3035875
Special Care 28,45539,0,3035875
R angio site,46249,0,3035875
D50,44472,0,3035875
T4,46265,0,3035875
resue flush,46686,0,3035875
JT leakage,45218,0,3035875
OR CVVHDF,44954,0,3035875
enfacare26,46217,0,3035875
l&d intake,44437,0,3035875
Floor PO's,46528,0,3035875
Sim SC28 NG,45588,0,3035875
Special Care 26 PO,45916,0,3035875
CARIPORIDE STUDY,42245,0,3035875
APC,43678,0,3035875
NS 150MEQ SOD BICARB,42896,0,3035875
REDICAT for CTabd,45319,0,3035875
CONTRAST via NG,45265,0,3035875
CONTRAST VIA OG,42175,0,3035875
contrast via ft,42205,0,3035875
BARICAT,45313,0,3035875
gastroview,42658,0,3035875
c-scan,42534,0,3035875
GASTROGAVIN IN H20,42053,0,3035875
BAROCAT,44305,0,3035875
redi cat,45310,0,3035875
radiographin,40929,0,3035875
multivitamin IV,44998,0,3035875
BARI-CAT,44850,0,3035875
CONTRAST VIA NG/FT,42948,0,3035875
Gastro Graphin,41654,0,3035875
Banana bag,46706,0,3035875
40 KCL/500CC,44047,0,3035875
Bari-Cat,45944,0,3035875
NaHcO3 150meq in D5W,45979,0,3035875
READYCAT,41761,0,3035875
APROTONIN,42146,0,3035875
corlopam mcgs/kg/min,42657,0,3035875
mycomust,41668,0,3035875
Amino Acid 4.25%D5%,44155,0,3035875
Left arm,45003,0,3035875
heparin via sheaths,42423,0,3035875
40Gm CaGluc/1000ccNS,43061,0,3035875
Calcium Chloride,30022,0,3035875
NS with Pit 20units,41186,0,3035875
Contrast,46610,0,3035875
K PHOS 15 MMOL,42994,0,3035875
Neocate 26 Corn Oil,45875,0,3035875
CA GLUC CVVHDF,46012,0,3035875
Sodium phosphate,46358,0,3035875
T-7 intrathecal dngn,43886,0,3035875
Na Phosphate,40794,0,3035875
D51/4 w/40meq Kcl,44207,0,3035875
ouput angio,44818,0,3035875
Imp/fiberHALF,44106,0,3035875
F6 U/O,43002,0,3035875
ns w/ 40 meq kcl,43089,0,3035875
Ketamine 100mg/50ml,45573,0,3035875
PE 30 ng,46491,0,3035875
calcium drip,44749,0,3035875
ASCITIC FLUID,42065,0,3035875
bupivacaine.1% r axi,43728,0,3035875
PO Farr 10,45429,0,3035875
special care 26 PG,45915,0,3035875
Sodabicarb Drip,46602,0,3035875
Prosobee 20cal GT,43475,0,3035875
bile replacement,42269,0,3035875
QUICKMIX,43081,0,3035875
Kphos 30mmol,40812,0,3035875
7 feldberg  iv,46319,0,3035875
Sim 20 (Thick) NG,45907,0,3035875
Methylpred,44116,0,3035875
EleCare,44673,0,3035875
E28 2cals corn oil,46351,0,3035875
R Groin site,45033,0,3035875
SSC 26 po,45848,0,3035875
nepro (1/2) & promod,42792,0,3035875
POTASSIUM CHLOR 10MQ,46611,0,3035875
K PHOS 30MMOL,44407,0,3035875
Alimentum 28 NG,43465,0,3035875
SSC30 PG,45770,0,3035875
Elecare 20 PO,44679,0,3035875
cath lab dye,41303,0,3035875
po contrast,40713,0,3035875
kayexolate PR,41591,0,3035875
D5RL 20KCL,44399,0,3035875
gi fluid,42202,0,3035875
Nutramigen28w/RC PO,45596,0,3035875
PANTOPRAZOLE GTT,46014,0,3035875
IVF Farr 10,45428,0,3035875
c.0. fluid,40952,0,3035875
st cath,44123,0,3035875
k phos gtt,44404,0,3035875
PD total,40585,0,3035875
Farr7,46805,0,3035875
cellsaver,45878,0,3035875
NA phos,45382,0,3035875
PE 26cals PO,46005,0,3035875
Prom w/Fib 1/2 str,44876,0,3035875
#3 CT-POSTERIOR,44789,0,3035875
PE26+polycose PO,46277,0,3035875
H2O Flushes,46243,0,3035875
famotidine,41646,0,3035875
iv protonix,41537,0,3035875
IVF from floor,44763,0,3035875
METHYLPREDNISONE,42689,0,3035875
Sim SC 28 PO,45693,0,3035875
lt plural ct bag,42259,0,3035875
N/S +ETOPOSIDE,46428,0,3035875
OR cellsaver,45214,0,3035875
probalance 15gm prom,43023,0,3035875
FLOLAN INFUSION,45687,0,3035875
Neocate24 PO,45966,0,3035875
"RUQ, RLQ",45576,0,3035875
Pregesimil FS PO,43712,0,3035875
potassium phos 15mml,46263,0,3035875
"MULTIVIT ""BANANA""BAG",46593,0,3035875
3/4 str promote/fibr,45185,0,3035875
potasium,46223,0,3035875
Calcium,44855,0,3035875
NS/10MG XIGRIS,43765,0,3035875
k phosphate iv,42162,0,3035875
R Groin Site,42568,0,3035875
k-phos,42292,0,3035875
Enfacare 28 PO,46162,0,3035875
MANNITOL 20 %.,42895,0,3035875
ca+ gtt for cvvh,45157,0,3035875
CT Contrast,46536,0,3035875
free water infusion,40702,0,3035875
protonix 80mg/250cc,46212,0,3035875
Protonix mg/hr,40796,0,3035875
Quick Mix.,44525,0,3035875
potassium 40/500,45627,0,3035875
er in prbc,46124,0,3035875
INR BLOOD PRODUCTS,42527,0,3035875
PO contrast,41461,0,3035875
GASTROGRAFIN/NG,42406,0,3035875
Banana Bag,45347,0,3035875
Plasma-Lyte,44902,0,3035875
abdominal incision,45035,0,3035875
40meq K,44962,0,3035875
CONTRAST VIA NG.,42079,0,3035875
Neosure 26 cal po,45314,0,3035875
cisatricurium cc/hr,42310,0,3035875
METHYLPREDNISOLONE,42655,0,3035875
DYE,45662,0,3035875
xigris cc/hr,43125,0,3035875
NA Phos,45047,0,3035875
insulin carrier,44354,0,3035875
GT Pedialyte,43598,0,3035875
Noe gtt 60mg/250cc,43038,0,3035875
ng,41556,0,3035875
cc/kg/hr,43381,0,3035875
SSC 26 PO,45579,0,3035875
PE26+polycose NG,46276,0,3035875
2/3 ST IMPACT,44848,0,3035875
D5W + 40 KCL,42395,0,3035875
farr 2 po intake,44981,0,3035875
TPA .5mg/hr,41002,0,3035875
3/4st nepro/benefibr,45389,0,3035875
ETOH DRIP,42149,0,3035875
"PE32, BENE PO",46063,0,3035875
IV Rabbit,46115,0,3035875
c.o.,40908,0,3035875
KCL 10 MEQ,46679,0,3035875
PE24NG+MCT+Promod,43505,0,3035875
Nicardipine gtt,43086,0,3035875
er u/o,42329,0,3035875
left groin bag,42137,0,3035875
E24 +2corn oil,45053,0,3035875
Rituximab 50mg/31.2c,45889,0,3035875
lepirudim,42771,0,3035875
ALCOHOL GTT ML/HR,42709,0,3035875
readi - cat,40503,0,3035875
NS for BT,41373,0,3035875
duodenal,42949,0,3035875
endoscopy,40404,0,3035875
Kcl 40 meq in 1/2N/S,46053,0,3035875
GI unit Intake,45228,0,3035875
RITUXIMAB 600MG/NS,44427,0,3035875
NAHCO3- CC/HR,42337,0,3035875
thoracensesis,44319,0,3035875
NS 500+ 40 KCL,44076,0,3035875
effluent retained,45115,0,3035875
U/O IN ANGIO,42375,0,3035875
ER IN,44369,0,3035875
NA phosphate,44339,0,3035875
PE26cal pg,46515,0,3035875
Liperudin,41068,0,3035875
3/4 str Prosobee,43395,0,3035875
CONTRAST IN ANGIO,42369,0,3035875
SC28 NG,45949,0,3035875
Neosure 22cal NG,45748,0,3035875
ml/kg/hr,43521,0,3035875
KCL 10meq/100ml,46569,0,3035875
BAG LT LEG,42389,0,3035875
xigris mcg/kg/hr,42965,0,3035875
Neocate24 NG,45965,0,3035875
NIMBEX CC/HR,42291,0,3035875
ns w/40kcl,42223,0,3035875
barocat,44471,0,3035875
enfacare26NG,46218,0,3035875
THYMOGLOBULIN,42117,0,3035875
THAM GTT,41981,0,3035875
rt. arm bag,46016,0,3035875
KPHOS 30MMOL,41958,0,3035875
k phos 30 mmol,44830,0,3035875
D5W 15mM Phos/22MEQK,45376,0,3035875
alteplase,42575,0,3035875
phoresis,44833,0,3035875
adjustment,44033,0,3035875
Enfacare28,46106,0,3035875
angio FFP,46410,0,3035875
Ice chips,42281,0,3035875
NAPO4,46562,0,3035875
novasource,45160,0,3035875
E20,45052,0,3035875
ACETYLCYSTER.42GM/1L,44361,0,3035875
ns with 50meq HCL,42396,0,3035875
hemovac neck,42581,0,3035875
d5 1/4 ns,43699,0,3035875
pheresis pos balanc,44510,0,3035875
CISTRACURIUM,42353,0,3035875
c scan,42076,0,3035875
Neuro Angio Intake,41187,0,3035875
protonix drip,45169,0,3035875
CHEMO:Alb w/ Sargram,44795,0,3035875
40kcl in 500ns,42721,0,3035875
SSC28po,45452,0,3035875
E.R. FFP,44236,0,3035875
SOLUMEDROL GTT,42526,0,3035875
NS WITH K-PHOS,44760,0,3035875
nimbex,42590,0,3035875
LUMBAR,44118,0,3035875
PE26 cal PG,46514,0,3035875
IR UO,42926,0,3035875
atg,42755,0,3035875
mucous bag,46179,0,3035875
potassium phos 30mml,44762,0,3035875
GT Residual,44495,0,3035875
potassium Chl 40meq,45430,0,3035875
pantopralole,41458,0,3035875
PLASMAPHORESIS,41383,0,3035875
phenytoin,46354,0,3035875
E 28 FS PO,46033,0,3035875
40k/500ns,44042,0,3035875
Enfamil 26 by conc.,44799,0,3035875
Neocate 26 pg,45784,0,3035875
ssc26 po,45491,0,3035875
other,42839,0,3035875
OR Cryoprecipitate,45354,0,3035875
PE 26 with BP,46127,0,3035875
net pheresis intake,46754,0,3035875
BUMEX 12mg/500ml,43047,0,3035875
PE 26 cals NG,46002,0,3035875
500ns/40meqkcl,43838,0,3035875
HCL GTT,41963,0,3035875
CO flush,40581,0,3035875
plueral fluid,41492,0,3035875
Cariporide,42480,0,3035875
AMPHOTERCIN CC HR,42051,0,3035875
fenoldopam,42638,0,3035875
SC26 pg,45474,0,3035875
PE20 FS PO,43424,0,3035875
Enfacare 22 NG,46103,0,3035875
pantoprazole mg/hr,46565,0,3035875
250n/s 15mM NA PHOS,42447,0,3035875
THAM (30 meq=100cc),42415,0,3035875
K PHOS-30,44464,0,3035875
MgSO4,41076,0,3035875
mushroom cath,44605,0,3035875
Cath Lab EBL,45416,0,3035875
Flush LT ct #1&2 q8',42026,0,3035875
CALSTAT,43033,0,3035875
SODIUM BICARBOANTE,42857,0,3035875
free h2o bolus,41580,0,3035875
50%Dextrose,45941,0,3035875
ns 15mmol na phos,45833,0,3035875
na+phos 15mmol,45290,0,3035875
D5W W/ NAHCO3 150MEQ,44539,0,3035875
enema-lactulose,41538,0,3035875
PO CONTRAST,45649,0,3035875
free water bolous,45168,0,3035875
D5W & 150 MEQ NAHCO3,46644,0,3035875
D5W 50 meq Ca Acetat,44041,0,3035875
Sim-24,43767,0,3035875
Methylprednisone,44089,0,3035875
15mmol K+Phos.,44573,0,3035875
KPO4 30 MM,44246,0,3035875
rituximab,45876,0,3035875
cariporide/ns,42359,0,3035875
plasmaphoresis,41810,0,3035875
ampho,44844,0,3035875
vasopressin unit/min,42273,0,3035875
KPHOS 15MMOL,44625,0,3035875
SC 30 liq NG,45522,0,3035875
SOLUMEDEROL GTT,42373,0,3035875
Sodium phos 30mmol,45765,0,3035875
30mmol Phos/44meq K,45362,0,3035875
phresis intake,45149,0,3035875
HYDROCHLORIC ACID,42778,0,3035875
anti-thymocyte globn,42494,0,3035875
left arm bag #1,46596,0,3035875
Nutren pulm w/Bene,46582,0,3035875
Anti-thymocyte Glob,46624,0,3035875
ANTI-THYMOCYTEN,43013,0,3035875
Similac 24 cals/oz,43766,0,3035875
E28 (Concentrate),46032,0,3035875
ETOH GTT,42855,0,3035875
Neosure with 2 polye,43516,0,3035875
K-Acetate 40mEq/250,41622,0,3035875
Xigris 20mg/100mL,40954,0,3035875
HCL DRIP,44991,0,3035875
K PHOS 15MM0L,46175,0,3035875
pantaprazole,46559,0,3035875
15mm k phos,46783,0,3035875
Insulin Carrier,44518,0,3035875
Chest wound,45165,0,3035875
30mmol NaPhos,46674,0,3035875
Vac,46349,0,3035875
MultiVitamin,43007,0,3035875
angio site,42716,0,3035875
wound leakage,43813,0,3035875
GT to gravity,44938,0,3035875
farr7 upper abd drai,44508,0,3035875
farr 7 u/o,42492,0,3035875
PRIMO 2 CABG STUDY,44516,0,3035875
FOLEY FLUSH,42522,0,3035875
Blake,46534,0,3035875
t tibe #2 right,46267,0,3035875
OR TPN,42352,0,3035875
PLASMAPHERESIS IN,44515,0,3035875
g-t residual,43083,0,3035875
Probalance TF,41188,0,3035875
barycat,44874,0,3035875
from flow sheet,42640,0,3035875
bupivicaine .1%,44466,0,3035875
ER ffp,46418,0,3035875
Potassium Chloride,30297,0,3035875
PO PE28,46111,0,3035875
SSC28NG,45564,0,3035875
FARR 10 intake,45565,0,3035875
Sim-26 w/promod (PG),43775,0,3035875
PE26 PG,46420,0,3035875
methylprednisolone,45023,0,3035875
protonix gtt 8mg/hr,44759,0,3035875
RITUXIMAB,44877,0,3035875
Portagen w/PoMod NG,43240,0,3035875
BUPIVACAINE .50%,42990,0,3035875
HCL,30067,0,3035875
Replete w/Fiber TF,45541,0,3035875
C.O,41355,0,3035875
Pamidronate        l,41532,0,3035875
SC30 NG,45771,0,3035875
Nutramigen 28,45675,0,3035875
pheresis intake,41219,0,3035875
cyclosporin 2mg/hr,44324,0,3035875
Mediastinal irrig,45772,0,3035875
SODIUM PHOS,41485,0,3035875
IVPB,46214,0,3035875
Kphos 30mmol/44 mEq,46467,0,3035875
Breast pump,46260,0,3035875
NG aspirate,41357,0,3035875
K+ phosphate,42799,0,3035875
k-phos 20mmol/500cc,41391,0,3035875
D5 150meq NA Bicarb,44791,0,3035875
anti-thymocyte globu,42243,0,3035875
CVVHD NS line flush,46773,0,3035875
K+ Phos 30mmol,46550,0,3035875
er ffp,42323,0,3035875
N/S + K 40 MEQ,46356,0,3035875
40 kcl in 500ns,43032,0,3035875
D5 0.45N/S+NAHCO3,46061,0,3035875
D5 0.25%NS 20mEq KCl,44206,0,3035875
RL IN OR,41446,0,3035875
cath lab our,44168,0,3035875
40meq KCL/500ml NS,45172,0,3035875
NaCl 500+Kcl 40,46027,0,3035875
Dextran,46729,0,3035875
steril water,43031,0,3035875
6% Hespan,46313,0,3035875
MANITOL,42172,0,3035875
Abdominal VAC,46694,0,3035875
ns/40kcl,46643,0,3035875
N/S+KPO4 15MMOL,46068,0,3035875
vanco enema,45957,0,3035875
500N/S 40meq K+,44979,0,3035875
Rituximab,44918,0,3035875
LACTULOSE ENEMA,44244,0,3035875
phenobarbital,41733,0,3035875
40mEq in 500cc.,44695,0,3035875
Tham infusion,42680,0,3035875
TROMETHAMINE CC/HR,42565,0,3035875
Other,42471,0,3035875
mannitol 20%,45184,0,3035875
IV Plasmalyte,46090,0,3035875
free water po intake,44908,0,3035875
21mM Potassium Phos,41450,0,3035875
Hemo Vol,41799,0,3035875
D5w 150meq bicab,45776,0,3035875
N/S +KCL 40MEQ,46067,0,3035875
NS in angio,46359,0,3035875
"THIAME,FOLICACID,MVI",42607,0,3035875
ns b,41392,0,3035875
D5W 300MEQ BICARB,42897,0,3035875
ER IV fluid,44276,0,3035875
Rectal EBL,46497,0,3035875
kcl phos,44447,0,3035875
500NS & KPhos 30mmol,45305,0,3035875
500NS/KPHOS30mm,44109,0,3035875
Kphos 15mmol,45034,0,3035875
PACU Supra pubic,44852,0,3035875
k phos 30mmol,44616,0,3035875
CHEMOTHERAPY,43942,0,3035875
Pamidronate,42985,0,3035875
KPo4 30mmol /NS,46364,0,3035875
N/S +30MMOL KPO4,46086,0,3035875
N/S  K PHOS 30MMOL,46390,0,3035875
FFP ON FARR 2,44819,0,3035875
Neosure 26 cal,45534,0,3035875
SC 30cals pg,45887,0,3035875
OCTREOTIDE MCG/HR,44653,0,3035875
CISTACURIUM,42040,0,3035875
CATH LAB DYE,41387,0,3035875
Floor ouput,44077,0,3035875
r femoral puncture,40471,0,3035875
Left Hip Aspiration,40955,0,3035875
Pe 30 po,46317,0,3035875
OR EPIDURAL INTAKE,42656,0,3035875
solumedrol 10575/500,44096,0,3035875
acettlcysteine d5w,45943,0,3035875
mucomist 10000/250,44936,0,3035875
POTASS PHOS 15 MMOL,46031,0,3035875
"K PHOS, 30 MMOL",46116,0,3035875
ALCOHOL 5% DRIP G/HR,42577,0,3035875
Kayoxalate Enema,41709,0,3035875
k phos 15 mmol,43972,0,3035875
po intake farr5,42529,0,3035875
K PHOS OVER 6 HRS,42089,0,3035875
SC 26 Fe NG,45921,0,3035875
NS 500+40K,43939,0,3035875
primo II,44376,0,3035875
Fenoldopam,42732,0,3035875
Pericardial fluid,40489,0,3035875
alcohol gtt,42998,0,3035875
SC32 benoprotein,45442,0,3035875
SSC26 PG,45457,0,3035875
contrast dye,43235,0,3035875
SC 26 po,45720,0,3035875
ANTITHYMO-GLOBULIN,44129,0,3035875
nicardipine drip,41828,0,3035875
CARIPROSIDE,42298,0,3035875
CARIPORIDE STUDY/CC,42428,0,3035875
PROMOTE WITH FIBER,42028,0,3035875
DEXTRAN,40033,0,3035875
METHYLPRED 450MG/HR,41111,0,3035875
plasma pheresis in,46384,0,3035875
plasmapharesis,44873,0,3035875
Hydrochloric Acidgtt,45016,0,3035875
Primo study cc/hr,44529,0,3035875
Blood from oral sx,44169,0,3035875
foley flush,44167,0,3035875
Dextrose 15%,41597,0,3035875
Protonix 80mg/250cc,45024,0,3035875
Direct suction,43059,0,3035875
contrast po,42793,0,3035875
Barocat,44907,0,3035875
26cal SC with BP,46140,0,3035875
LACTULOSE/Kayexalate,45567,0,3035875
f10 in,44310,0,3035875
farr 10 in,44519,0,3035875
cyclosporin iv drip,43693,0,3035875
SC30 PO,45516,0,3035875
CAROPORIDE,42438,0,3035875
calicum gluconate,44346,0,3035875
cc/cc replacement,44950,0,3035875
F5,45191,0,3035875
SSC28 NG,45455,0,3035875
Bile instillation,42154,0,3035875
PE 32 PG,46235,0,3035875
Similac SC 26,45508,0,3035875
Nut 26 NG,45737,0,3035875
VAC DRESSING,41941,0,3035875
10% alcohol,42932,0,3035875
PE 26cals NG,46004,0,3035875
Hematoma Aspiration,40743,0,3035875
k phos over 6hrs,42358,0,3035875
Aprotonin,42203,0,3035875
str. cath,44751,0,3035875
"APROTININ 10,000/100",42233,0,3035875
Magnesium,44088,0,3035875
D5W w/30mmolNaPhos,46323,0,3035875
magnesium 1gm/hr,43018,0,3035875
Neosure 26cal NG,44578,0,3035875
Lt. upper CT,43356,0,3035875
SC 28cals PO,45881,0,3035875
mgso4 gtt,42296,0,3035875
N/S + KPO4,46054,0,3035875
PAPAVERINE,44723,0,3035875
procedure,40533,0,3035875
Ara-c chemo gtt,40964,0,3035875
NEOSURE PG,44070,0,3035875
Calcium w/ pheresis,45593,0,3035875
barium sulfate,42041,0,3035875
K PHOSPHATE,45641,0,3035875
HD in,42931,0,3035875
500cc NS w/40meq kcl,44774,0,3035875
aprotinin cc/hr,42044,0,3035875
NS RESCUE,46800,0,3035875
D5W w/40meq K,46226,0,3035875
from cc7,45326,0,3035875
NS with 30mm Na Phos,45404,0,3035875
SOD PHOSPHATE,43990,0,3035875
.45ns w/ 20kcl,42206,0,3035875
IGG,40802,0,3035875
Neocate 20,45926,0,3035875
10% Dextran 40,45410,0,3035875
Peritoneal dial in,41787,0,3035875
HD putback,41774,0,3035875
VICU INTAKE,43940,0,3035875
FLUCONAZOLE,42899,0,3035875
SOLUMEDROL DRIPMG/HR,42422,0,3035875
plasma phoresis,44064,0,3035875
IVF AT OSH,41524,0,3035875
Peptamen VHP,45495,0,3035875
Distal 18,45574,0,3035875
SpecialCare 26 Fe NG,45919,0,3035875
right hand bag,42391,0,3035875
Kcl 40meq in 500 N/S,45985,0,3035875
NA+ ACETATE,42387,0,3035875
Bicarb Drip,46322,0,3035875
CC7 PRBC,42239,0,3035875
Meperidine,40579,0,3035875
D5W with 150MEQ HCO3,46585,0,3035875
approtinin,42176,0,3035875
oral,41557,0,3035875
IV CONTRAST,45094,0,3035875
pe32 + beneprotein,46064,0,3035875
Free H20,44761,0,3035875
Argatroban,30173,0,3035875
Alimentum 28 po,43466,0,3035875
OR CRYO,42785,0,3035875
i/o adjustment,46233,0,3035875
sod.phos. 15mmol/250,45466,0,3035875
sp.care 26 cal po,45901,0,3035875
READI-CAT 2,45013,0,3035875
D5W 150MEQ BICARB,45282,0,3035875
ns with Na Phos 15 m,45133,0,3035875
MARCAINE LEFT,45050,0,3035875
TPN D13.5,45930,0,3035875
pheresis ivf,44517,0,3035875
MARCAINE RIGHT,45051,0,3035875
nutramigen24,46312,0,3035875
d5w w 10% etoh,42707,0,3035875
versed drip,41516,0,3035875
dextrose gtt,41550,0,3035875
Abdomen site,45002,0,3035875
Angio contrast,44534,0,3035875
VICU IN,46074,0,3035875
Meperidine cc/hr,40582,0,3035875
R LQ punch,44638,0,3035875
D5 .2,44537,0,3035875
K+ Phosphate,44115,0,3035875
floor po intake,45747,0,3035875
SOLUMEDROL MG/KG/HR,42563,0,3035875
PE28 po,46154,0,3035875
bupivacaine,46609,0,3035875
Lepriudin,42865,0,3035875
incision drg,45162,0,3035875
BUMEX,46197,0,3035875
dexmedetomidine,46301,0,3035875
Bupivacaine,42365,0,3035875
Pedialyte,45434,0,3035875
Plasma pheresis,46222,0,3035875
probalance fs,41217,0,3035875
probalance TF,41201,0,3035875
foley irrigation,40750,0,3035875
1/2st impact fiber,42831,0,3035875
Dexmedetomide,46492,0,3035875
Nutramigen 26 PO,45453,0,3035875
30mmolNaPhos/NS,45621,0,3035875
PE30 PO,46158,0,3035875
Neocate 28 PG,45820,0,3035875
15 MMOL NaPHOS,41689,0,3035875
15 mMol KPhos,41643,0,3035875
NA PHOS 30MMOL,42737,0,3035875
NS Insulin Carrier,45322,0,3035875
left arm bag #2,46597,0,3035875
Replete with Fiber,45497,0,3035875
Enfacare26,46387,0,3035875
bag,45225,0,3035875
SC34+BP,45454,0,3035875
protonix80mg/250ccNS,44793,0,3035875
Calcium gluc gtt,41163,0,3035875
Glucagon Gtt,41895,0,3035875
Fat Emulsion Lipids,44964,0,3035875
METHADONE,45764,0,3035875
3/4 promote/fiber/tf,44885,0,3035875
K Phos 15mmol,46682,0,3035875
15mmol Na+ Phos,44864,0,3035875
good start formula,46498,0,3035875
aprotinine,42821,0,3035875
Sodium Phosphate30mm,45394,0,3035875
sodium phos 15mmol,45431,0,3035875
bupivacaine.1% popli,43727,0,3035875
SC26liq,45519,0,3035875
Contrast Dye,46490,0,3035875
ER in,42947,0,3035875
Old CT site,46104,0,3035875
pepcid gtt,41627,0,3035875
NICADRDIPINE,43090,0,3035875
Farr 5 IV,46802,0,3035875
pheresis net bal,45312,0,3035875
"Enfacare 26,PO",46139,0,3035875
Total IV,42914,0,3035875
SC30 ng,45955,0,3035875
XYGRIS,42933,0,3035875
SOLU-MEDROL,44366,0,3035875
bumetanide,46690,0,3035875
Phoresis intake,45103,0,3035875
0.45% + 60 MEQ KCL,46670,0,3035875
CATH LAB U.O.,41164,0,3035875
sodium phos 30mmol,45762,0,3035875
bicarb push,40551,0,3035875
15mmol NaPhos.,46481,0,3035875
40kcl in 500cc ns,42724,0,3035875
Hep B immune globuln,44725,0,3035875
30 mmol na phos,44101,0,3035875
cagluc (40gm/l),43726,0,3035875
Mushroom cath,45021,0,3035875
Rescue line,46588,0,3035875
Readi-CAT 2,44916,0,3035875
NSS WITH 40 MEQ KCL,46482,0,3035875
NA Phosphate 30mmol,45226,0,3035875
flushback,46753,0,3035875
"GT, straight, perf'd",43137,0,3035875
R groin bag,42768,0,3035875
Filter flush - NS,46714,0,3035875
thermoldilution,41549,0,3035875
Gentamicin to CT,45647,0,3035875
Verapamil drip,41694,0,3035875
250 n/s 15MML NAPHOS,45072,0,3035875
SODIUM PO4,45767,0,3035875
15 MM NA PHOSPHATE,43993,0,3035875
ANGIO EBL,42110,0,3035875
NS+ 15mmol Na Phosph,45660,0,3035875
NS with Sodium Phos,46717,0,3035875
sodiumphosphate15mmo,46660,0,3035875
PENTOBARB DRIP,42457,0,3035875
Prosobee 24cal GT,43476,0,3035875
Sim SC 26,45667,0,3035875
SpecialCare28 PG,45938,0,3035875
PRECEDEX CC/HR,41962,0,3035875
k phos over 6hrs.,42706,0,3035875
ns w/ 15mmol na+ phs,41771,0,3035875
potass phosp 15mm,44601,0,3035875
NS w/30mmol NaPhos,43080,0,3035875
solumedrol drip,42163,0,3035875
Sodium Phos 30mmol,45535,0,3035875
Special Care 28 PG,45917,0,3035875
Pregestimil 22cal NG,43541,0,3035875
100mgm ATG/250N/S,42631,0,3035875
"PE26 conc,NG",46156,0,3035875
NS w/30mmol Kphos,42979,0,3035875
PO PE 30,46445,0,3035875
sim26,45942,0,3035875
Octrietide,46560,0,3035875
Alimentum 24 NG,30380,0,3035875
Enf 28 2mct,46385,0,3035875
D50%,44632,0,3035875
C.O.,40452,0,3035875
NA PHOS IN NSS,43889,0,3035875
NA PHOSPHATE 15MMOL,45224,0,3035875
POST NECK HEMOVAC,42675,0,3035875
pigtail flush,44289,0,3035875
PE 26 cals PO,46003,0,3035875
pe28,46339,0,3035875
SOIDUM PHOSPHATE,43113,0,3035875
Carnation Good Start,43319,0,3035875
vac,44217,0,3035875
aprotanin,42589,0,3035875
aprotonin,42173,0,3035875
Sim-24(NG),43768,0,3035875
Pigtail flush,44311,0,3035875
15mmol NaPhos,45128,0,3035875
METHYLPREDNISONE GTT,42060,0,3035875
Sim 20 (Thick) PO,45908,0,3035875
IV Isuprel 1mcg/min,41110,0,3035875
Precedex mcg/kg/hr,42407,0,3035875
Similac 26,45386,0,3035875
PG  Special Care 28,45632,0,3035875
ca gluc gtt,43039,0,3035875
BILE REFEED,44098,0,3035875
SOLUMEDROL DRIP.,42514,0,3035875
3/4 Strg Nepro,45279,0,3035875
AMPHO B,42927,0,3035875
ILIAC HEMOVAC,42674,0,3035875
3/4 str Imp/Fib,44341,0,3035875
plueravac #2,44703,0,3035875
TOTAL IN FROM PAPERT,41739,0,3035875
PE28 PG,45997,0,3035875
Nutramigen 22 NG,46264,0,3035875
Pancr. Pigtail #1,46181,0,3035875
Sp Care 26 NG,45745,0,3035875
Panidronate,41447,0,3035875
Sim 28,44303,0,3035875
antithymocyte globin,42515,0,3035875
Hep B IG,44580,0,3035875
k phos 15 mm,43745,0,3035875
Soduim Phosphate,41176,0,3035875
k phos. 15mm,42493,0,3035875
NaPO4,43073,0,3035875
SODIUM PHOS IN NS,45132,0,3035875
15 mmol K phos/250cc,42730,0,3035875
NA POSPHATE,43951,0,3035875
N/S +15 MMOL Na phos,46077,0,3035875
30mmol Na Phos/D5W,46689,0,3035875
15 mmol naphos/NS,45293,0,3035875
Sodium PHosphate,44836,0,3035875
ENEMA GASTROGRAFFIN,44647,0,3035875
Mannitol 50Gm/250mL,41732,0,3035875
FREE WATER INTAKE,42554,0,3035875
Kphos 15mmol. 250cc,42326,0,3035875
NA PHOS 15MMOL,43056,0,3035875
OR EBL,45714,0,3035875
Taxol,45139,0,3035875
Plasmaphoresis,44919,0,3035875
PROBALANCE TF,41175,0,3035875
Sodium Phosphate IV,43674,0,3035875
Pantoprazole 8mg/hr,46522,0,3035875
cell saver in or,42801,0,3035875
NA PHOSPHATE 30MMOL,45498,0,3035875
NA PHOS (15MMOL),45348,0,3035875
na phosphate in ns,43930,0,3035875
magnesium,40645,0,3035875
FREE WATER/OR D5W,42142,0,3035875
VAC CHEST DRESSING,46352,0,3035875
OGT,44971,0,3035875
free h2o boluses,41416,0,3035875
free h2o,42671,0,3035875
FREE H20 BOLUSES,43975,0,3035875
Magnesium Sulfate,30027,0,3035875
cath lab u/o,44397,0,3035875
KPhos 15mmol/250D5W,45363,0,3035875
NaPhos30mmol/250NS,44823,0,3035875
octreotride,46625,0,3035875
28cal SC,45960,0,3035875
Sodium phos 15mmol,45736,0,3035875
CALCIUM GLUGOANTE,42856,0,3035875
CISATRACURIUM DRIP,42284,0,3035875
Solumedrol mg/kg/min,43700,0,3035875
pheresis.,44912,0,3035875
Acetylcysteine mg/hr,46543,0,3035875
NA PHOSPHATE,43875,0,3035875
d5w & 6gm ca+ glucon,41066,0,3035875
ur.cc/kg/hr,43366,0,3035875
acetylcysteine 20%,41182,0,3035875
ca gluconate gtt,44377,0,3035875
NSw/sodium phos15mmo,45383,0,3035875
NA PHOS 30 MMO;,44805,0,3035875
15 m sodium phos   e,43957,0,3035875
NA PHOS  0mmol,45303,0,3035875
AMPHO-B,42609,0,3035875
isoproterenolmcg/min,46692,0,3035875
KAYEXALATE,45397,0,3035875
injectate,41865,0,3035875
breast pumping,42168,0,3035875
Pe 28 po,46328,0,3035875
epidural drip,42402,0,3035875
CYCLOSPORIN,42813,0,3035875
Kphos 15 mmol,46680,0,3035875
SC26cals,45708,0,3035875
Enfacare 22 per GT,46149,0,3035875
Farr 10 iv intake,45734,0,3035875
ssc26,45488,0,3035875
Good start PO,46150,0,3035875
ampho b iv,42661,0,3035875
PLASMAPHERESIS,41381,0,3035875
VAC dsg,44552,0,3035875
Pantroprazole,45276,0,3035875
APROTININE,42734,0,3035875
left arm,45727,0,3035875
CT site,44131,0,3035875
PE 30 FS NG,46017,0,3035875
3/4 RESPALOR,43087,0,3035875
nesirtide,42664,0,3035875
SC 26,45678,0,3035875
Neosure 20 NG,44302,0,3035875
Methadone,46725,0,3035875
Ambisone,44358,0,3035875
Pe 30 ng,46316,0,3035875
KCL 10mmol in 100sw,46633,0,3035875
right arm,45728,0,3035875
l arm abrasion,45972,0,3035875
Neosure30 pg,45331,0,3035875
SC28liq ng,45521,0,3035875
NA Phosphate,44469,0,3035875
SC28cals,45936,0,3035875
c.o. injectate,44688,0,3035875
Cyclospoprin,45010,0,3035875
PND13.5,46117,0,3035875
anti-thomcyte glob.,42757,0,3035875
dye first cath,45207,0,3035875
Chucks Pad Weight,45271,0,3035875
Amicar,30111,0,3035875
Sim SC26,45586,0,3035875
PE 26cal,46443,0,3035875
Na Acetate/Heparin,44609,0,3035875
GI IVF,42729,0,3035875
vag bld,44150,0,3035875
procedure EBL,44777,0,3035875
INTAKE ED,43092,0,3035875
farr 2 iv intake,44980,0,3035875
0.45%NS +40meq kcl,46669,0,3035875
1000NS/1000UHEPARIN,42512,0,3035875
CATH LAB,42976,0,3035875
0.45%ns + 20 meq kcl,46668,0,3035875
Open ABD wound,46430,0,3035875
Sim SC28 PO,45589,0,3035875
PE26cals/oz,46066,0,3035875
DYE IV contrast CT n,45346,0,3035875
D10NSS,46630,0,3035875
10mEqK/100cc,42826,0,3035875
left arm bag,46595,0,3035875
kcl 10meq/100cc,46731,0,3035875
IV MEDS,40504,0,3035875
sodium bicarb IVP,41808,0,3035875
250 N/S 15MM NA PHOS,44582,0,3035875
protonix gtt cc/hr,41797,0,3035875
ct insertion site,46785,0,3035875
pamidrinate in ns,41845,0,3035875
EBL IN ANGIO,42118,0,3035875
ed uo,44489,0,3035875
ogt,44141,0,3035875
SC26 ng,45507,0,3035875
Nutramigen 22 PG,45482,0,3035875
demerol,40667,0,3035875
Special Care 26 NG,45677,0,3035875
vicu u/o,42404,0,3035875
Abdominal fluid,44999,0,3035875
CO,45037,0,3035875
calicium gluc gtt,42286,0,3035875
PE 28 cals NG,46488,0,3035875
Solumedrol gtt,42126,0,3035875
PO PE26,46159,0,3035875
Neosure 22,46397,0,3035875
PE29 ng,46296,0,3035875
Similac SC 28 PG,45896,0,3035875
sc 28,45689,0,3035875
INAMRINONE LACTATE,44370,0,3035875
HCL 75 meq/500ml,42779,0,3035875
IV DYE,45140,0,3035875
SpecialCare26 PG,45962,0,3035875
Enfacare 22,46499,0,3035875
BUPIVICAINE .1%,44610,0,3035875
co injectate,42940,0,3035875
Calcium Gluc 40gm,44220,0,3035875
Bile refeeding via J,46683,0,3035875
Flowlan,41100,0,3035875
Neosure 22 cal po,45608,0,3035875
T3,46109,0,3035875
APROTANIN,42459,0,3035875
Similac SC 26 PG,45893,0,3035875
SW with Na acetate,45449,0,3035875
L THIGH JACKSON PRAT,42374,0,3035875
PHERESIS EBL,42710,0,3035875
Pe 26,46333,0,3035875
Ssc30,45863,0,3035875
1/2ST IMPACT W/FIBER,42216,0,3035875
Antithymocyte globu,42630,0,3035875
Enfamil20 GT,45075,0,3035875
40 KCL/500 NS,43950,0,3035875
THYMOGLOBLIN,42232,0,3035875
right femerol,42902,0,3035875
cath lab contrast,45213,0,3035875
Nutramigen22 PG,45730,0,3035875
nabicarb 250/1000,42416,0,3035875
d10 1/2 NS,45359,0,3035875
L FEM,42900,0,3035875
Liquid SSC28,45390,0,3035875
Neosure 30 PG,44390,0,3035875
"SC26+BP, NG",45766,0,3035875
NA Acetate 0.5U hep.,46299,0,3035875
KVO,45125,0,3035875
SimSC26,45801,0,3035875
TPN D11.5,45349,0,3035875
ns+40gm cagluconate,41218,0,3035875
L. GROIN PUNCTURE,43051,0,3035875
vac cannister,46369,0,3035875
Rituximab 50mg/hr,44500,0,3035875
bladder pressure in,45682,0,3035875
N/S +KCL 20MEQ,46138,0,3035875
angio ebl,42030,0,3035875
EBL  CVVH,46250,0,3035875
cryo,42723,0,3035875
antithymocyteglobuli,46797,0,3035875
.9%NS w/30mml NaPhos,45286,0,3035875
PERITONEAL FLUID,42815,0,3035875
protonix 8mg/250,41448,0,3035875
rt. fem site,46700,0,3035875
LACTULOSE ENEMA'S,44863,0,3035875
TPN D8.5,45928,0,3035875
EPIDURAL,42673,0,3035875
CT instill-> talc,45339,0,3035875
Enfacare26 PO,46228,0,3035875
potassium 10/100,46453,0,3035875
FoleyIrrigant,43882,0,3035875
3/4 str Replete,45723,0,3035875
NG CONTRAST,45395,0,3035875
Bupivicaine,46340,0,3035875
Xygris,41669,0,3035875
iv contrast,42894,0,3035875
pe26,46477,0,3035875
TPN D10.5 with hep,43233,0,3035875
CONTRAST CATH LAB,42193,0,3035875
Fleet Enema,45510,0,3035875
Sim 20 (Rice) NG,45905,0,3035875
amphotercin 25mg,45499,0,3035875
KETAMINE 200mgm 50ML,45563,0,3035875
nutren,45847,0,3035875
TF PROBALANCE,41798,0,3035875
THERMODILUTION FLUID,41493,0,3035875
thermodilution fluid,41864,0,3035875
1/2 str Impact,46572,0,3035875
ca gluc -20gm/500ml,45779,0,3035875
REPLACEMENT FLUID,42109,0,3035875
tpn d13.5 with hepan,43346,0,3035875
PND8.5,45625,0,3035875
Nut 26 PO,45738,0,3035875
APROTINEN,44483,0,3035875
D5W w/ 40gms cagluc,43062,0,3035875
Mannitol 25GM,45216,0,3035875
TPND9.5,45629,0,3035875
Nutramigen28w/RC PG,45595,0,3035875
CC7 Intake,44932,0,3035875
1/2 Nutren Renal TF,46302,0,3035875
right CT site,45969,0,3035875
CALCIUM FOR CVVHD,45268,0,3035875
kayexalate pr,41425,0,3035875
GT,43474,0,3035875
LOPRESSOR IV,42647,0,3035875
BUPIVICAINE/EPIDURAL,42251,0,3035875
CT # 6 & # 2 RT,42935,0,3035875
ms04 pca,42708,0,3035875
SC30 Po,45809,0,3035875
Proximal 14,45577,0,3035875
enfacare 22 pg,46093,0,3035875
7.7mEq NaAcetate h20,45954,0,3035875
TPN D6.5,45761,0,3035875
PN D 8.5,46448,0,3035875
Vecuronium,30138,0,3035875
SterileH20NaAcetate,46332,0,3035875
PN D8.5,45754,0,3035875
HYDRALAZINE IV,42646,0,3035875
Protonix gtt 8mg/hr,46174,0,3035875
ENFAMIL AR,43508,0,3035875
3/4 str UltraCal,45241,0,3035875
Nutren pulm,45922,0,3035875
WD. DRGE,42786,0,3035875
TPN D 8.5,46476,0,3035875
epidural gtt,45080,0,3035875
NA Acetate w/Heparin,46047,0,3035875
7.7meqNaAc w1/2uhep,46439,0,3035875
Isoproterenol,46521,0,3035875
epidural-marcaine,40449,0,3035875
PND6,45951,0,3035875
CISATRA CC/HR,42309,0,3035875
KETAMINE MG/HR,42669,0,3035875
7.7 MEQ Na Acetate,46041,0,3035875
Intra-abd. Pressure,42735,0,3035875
BICARBONATE-HCO3,44166,0,3035875
Flushpack,44948,0,3035875
sodiumbicarb 100meq,44111,0,3035875
POTASSIUM,42728,0,3035875
1/2 ST IMPACT,46176,0,3035875
Insensible Losses,44897,0,3035875
CC7 HUO,42197,0,3035875
talc in ct,41517,0,3035875
APRTININ CC/HR,42334,0,3035875
mucomist,44668,0,3035875
Flexiseal Irrigant,46654,0,3035875
INTAKE from cc6,44972,0,3035875
Flush,46677,0,3035875
Rectal,45843,0,3035875
F6 IV MEDS,42995,0,3035875
diaphoresis,44219,0,3035875
Potassium 20meqIVPB,43872,0,3035875
kcl 20 meq ivpb,40531,0,3035875
NS bladder pressure,43744,0,3035875
NEOSURE 22,43515,0,3035875
BLADDER PRESSURE FLD,44344,0,3035875
ALCOHOL 10% DRIP,42722,0,3035875
pos. dialysate intak,42562,0,3035875
pad change,40744,0,3035875
NS Filter Flush,46795,0,3035875
OR d5w,46206,0,3035875
PROTONIX 8MG/HR,45004,0,3035875
PE24+2HMF NG,43497,0,3035875
Leg bag/serous drg,42614,0,3035875
Special Care 26,45566,0,3035875
PE28 conc,46157,0,3035875
3/4st impact/fiber,46789,0,3035875
bile refeed,42275,0,3035875
banana readi cat,46205,0,3035875
SIMILAC,43514,0,3035875
IR cerbral Fluid,46494,0,3035875
PE 26 ng,46487,0,3035875
ebl cath lab,40692,0,3035875
h2o flush q 8hr,43076,0,3035875
GALLBLADDER DR FLUSH,43091,0,3035875
PENTOBARBITAL,42596,0,3035875
PORK INSULIN GTT,42763,0,3035875
1/2na acetate 1/2hep,44092,0,3035875
7.5mEq NaAcetate/100,44554,0,3035875
aprotinen,42521,0,3035875
pe26 conc NG,46152,0,3035875
PE26 cal,46112,0,3035875
NaAce+1/2Hep,45320,0,3035875
tpa 50 mg in 500cc,44190,0,3035875
Dilaudid Epidural,41827,0,3035875
ISUPEL,44559,0,3035875
FENOLDOPAM,42705,0,3035875
C.O. fluid,41121,0,3035875
L GROIN HEMOVAC,42621,0,3035875
JT in,44870,0,3035875
7.7MEq NaAcetate,46391,0,3035875
epidural asp,40468,0,3035875
PE22 PO,43553,0,3035875
DILAUDID/BUPIV.,42989,0,3035875
Altepase,41174,0,3035875
Pedialyte per GT,46148,0,3035875
Alimentum,30379,0,3035875
Nutramigen 22 PO,45483,0,3035875
ssc26 ng,45490,0,3035875
ALIMENTUM 24CAL,43616,0,3035875
1/2NaAcet with hep,46337,0,3035875
Similac,43394,0,3035875
OCTREOTIDE,40889,0,3035875
SW with Na Acetate,45492,0,3035875
SimSC 28,45686,0,3035875
7.7meqNaAcetate,46500,0,3035875
TPN D5.5,46442,0,3035875
7.7meq NaAcet/100cc,45940,0,3035875
naAcetate7.7mEq,46110,0,3035875
NA Acetate/H2O,46392,0,3035875
Ethacrynate Sodium,46771,0,3035875
7.7 meq NaAcetate,46432,0,3035875
1/2 Na Acetate+ Hep,46026,0,3035875
NG RESIDUAL,42301,0,3035875
Sp Care 28 PG,45717,0,3035875
1/2str Impt with Fib,44772,0,3035875
Cranberry Juice,44279,0,3035875
3/4 STR IMPACT/FIBER,43866,0,3035875
C.O. INJECTATE,45130,0,3035875
7.7meq naAcetate,46483,0,3035875
PN D9.5,46447,0,3035875
1/2 NS REPLACEMENT,44477,0,3035875
1/2 NaAc (UA),44312,0,3035875
CSF needle aspirate,41779,0,3035875
Pregestimil 22cal PO,43542,0,3035875
potassium phospate,44479,0,3035875
PN D 11.5,46458,0,3035875
7.7meqNaacetate,45506,0,3035875
NaAcetate in H2O,46318,0,3035875
tranexamic acid,46583,0,3035875
Sterile H20/Na Acet,44615,0,3035875
PN D9.5 w/ heparin,46056,0,3035875
L neck mass aspirate,40895,0,3035875
Farr 5 po,46803,0,3035875
WATER VIA NG,42612,0,3035875
PERITONEAL,45838,0,3035875
Farr 10 po intake,45735,0,3035875
F6 PO INTAKE,42996,0,3035875
malinkot flush,44130,0,3035875
na phosp 15 mmol,43036,0,3035875
mucus stoma,42956,0,3035875
hemovac,42849,0,3035875
Enfamil 30 cal NG,44783,0,3035875
PE28 w/BP Bottle,46254,0,3035875
ur/cc/kg,43590,0,3035875
PN D10.5W,43540,0,3035875
abcess,46566,0,3035875
Sim 20 PO,45931,0,3035875
D10W+2meq NaAcetate,45371,0,3035875
ur cc/kg/hr,43548,0,3035875
26 cal po,45432,0,3035875
Procainamide HCl,45853,0,3035875
TPN D21.5 with hep,43170,0,3035875
1/2NaAce + 1:1 Hep,46344,0,3035875
Bladder presure,43763,0,3035875
"SC26+BP, PO",45769,0,3035875
Right Shoulder,46662,0,3035875
BLADDER PRESSURE,44862,0,3035875
aprotanine,42668,0,3035875
Bicarb  250meq/250cc,45674,0,3035875
irrig for bldr press,41706,0,3035875
Bladder transd.,42981,0,3035875
Nestle Good Start,45743,0,3035875
water flush,44277,0,3035875
KCL 20mEq bolus,42623,0,3035875
Subgaleal shunt dng,43426,0,3035875
hemovac hip,42580,0,3035875
pedialyte GT,45074,0,3035875
10 mea KCL/100cc NS,42993,0,3035875
2/3PROMOTE/FIBER,44887,0,3035875
PE 26cals,46421,0,3035875
bladder press irrig,42064,0,3035875
vp shunt,42841,0,3035875
CCO Bolus,46252,0,3035875
Aprotinin cc/hr,42811,0,3035875
Sim-26 w/promod(PO),43776,0,3035875
7.7meqNaAcetate+Hep,46040,0,3035875
Heparin,30025,0,3035875
PND8.5 with hep 0.5u,46346,0,3035875
TPA MG/HR,46561,0,3035875
TPND9.3,45953,0,3035875
SC28PO,45827,0,3035875
ns pr              e,41432,0,3035875
Good start,46221,0,3035875
good start Fe,46025,0,3035875
7.7meq NaAcetate/H20,45217,0,3035875
TPN D9.3,45950,0,3035875
PE24FSNG+Promod+HMF,43469,0,3035875
Sim-26 w/promod (PO),43777,0,3035875
na acetate w/ hep,46363,0,3035875
1/2 NaAce w1/2 uHep,46431,0,3035875
Na Acetate with hep,46434,0,3035875
sterile H20 via J-T,46133,0,3035875
PE24FSPO+MCT+Poly+PM,43457,0,3035875
NS,41913,0,3035875
Stomach asp.PH,43487,0,3035875
probalance tf,43118,0,3035875
kvo line,43969,0,3035875
NA ACETATE+HEP+H2O,45690,0,3035875
H20/NA ACETATE/HEP,46419,0,3035875
TPND10.5 with hep,43234,0,3035875
15.4meq NaAcetate,46120,0,3035875
NA ACETATE W/ HEP,45329,0,3035875
cc/kg,43622,0,3035875
1/2na acetate1/2hep,44091,0,3035875
NA ACETATE,45673,0,3035875
APROTININ ML,44165,0,3035875
SSC25PG,45891,0,3035875
SSC26PO,45892,0,3035875
cistacur mcq/kg/min,42134,0,3035875
Esmolol,30117,0,3035875
1/2NS CC:CC,44503,0,3035875
Elecare 20 NG,44678,0,3035875
Enfacare 28 GT,46161,0,3035875
D10w Bolus,43586,0,3035875
StarterPN D10 w/ Hep,46486,0,3035875
octreotide gtt,46330,0,3035875
H2O/Hep/NaAcet,46275,0,3035875
Versed 20mg/50ml D5,45476,0,3035875
SSC 28NG,45782,0,3035875
verapamil,46484,0,3035875
H20+7.7meqNaAcetate,45388,0,3035875
D5W & 40Gm CaGluc,43733,0,3035875
mushroom catheter,44934,0,3035875
PE 26w/bp bottle,46261,0,3035875
Farr 10 u/o,45741,0,3035875
blake,42474,0,3035875
PCA carrier,45187,0,3035875
Insulin carrier,45186,0,3035875
kcl - 10meq/100ml,45780,0,3035875
Sim 20 (Rice) PO,45906,0,3035875
Aline Site,46659,0,3035875
UO/KG/hour,43583,0,3035875
TPN D24,43555,0,3035875
Sodium Barcarb,45634,0,3035875
D10W-4meqKCL-repogle,45692,0,3035875
15.4 mEq Na Acetate,46451,0,3035875
Foley Cath,44757,0,3035875
D10W with heparin,46216,0,3035875
Sodium bicarb,44424,0,3035875
SC28 po,45774,0,3035875
TPA 50mg/250cc #2,43021,0,3035875
TPA 50mg/250cc,43020,0,3035875
Midazolam(Versed),45520,0,3035875
MVI bag,44937,0,3035875
cyclosporin 4mg/hr,44331,0,3035875
Fendolapam,42862,0,3035875
Dilaudid,30163,0,3035875
.45%NS FLUSH,43588,0,3035875
SterileH20/NaAcetate,44614,0,3035875
sp aspirate,40752,0,3035875
Pantoprazole gtt,46548,0,3035875
CRRT HEPARIN,44927,0,3035875
1/2 NS flush,43232,0,3035875
ur/cc/kg/hr,43526,0,3035875
Pericardial flush:NS,43983,0,3035875
D14.5 lytes and hep,43321,0,3035875
Precedex (mcg/kg/hr),42062,0,3035875
CISATRICURIUM,42180,0,3035875
H20 Na Acet and hep,46271,0,3035875
7.7meqNaAce/0.5uhep,45807,0,3035875
UR.cc/kg/hr,43639,0,3035875
0.45NSS,44330,0,3035875
IV Meds,43473,0,3035875
Calcium chloride IVP,41807,0,3035875
"Neosure26,PO",45818,0,3035875
GT vent,43444,0,3035875
IR EBL,46495,0,3035875
left knee aspirate,45308,0,3035875
SSC26 NG,45826,0,3035875
Similac w/ iron,43432,0,3035875
"SC28,PO",45842,0,3035875
chest aspirate,44784,0,3035875
pericard hep/ns 1:1,44264,0,3035875
ur.cc/kg/day,44127,0,3035875
vassopressin,46570,0,3035875
26 cal SC,45958,0,3035875
1/2 Na Acet 0.5u Hep,43867,0,3035875
ur/kg/hr,43472,0,3035875
Nesiritide,41611,0,3035875
SW with 1/2 Na Ace,46508,0,3035875
NaAcetate via UAC,45543,0,3035875
U/O /kg/hour,46436,0,3035875
PE30 ng,45959,0,3035875
NaAc w/hep/UAC,44697,0,3035875
Sodium Acetate,30298,0,3035875
IV D6W,43593,0,3035875
cc/k/h,43636,0,3035875
Procainamide,30052,0,3035875
d10 bolus,43168,0,3035875
Sp Care 26 PO,45746,0,3035875
Rectal irrigation,43407,0,3035875
SC28 PO,45467,0,3035875
SterileH2O+NaAcetate,44696,0,3035875
Sterile Water NG,43584,0,3035875
tpa cc/hr,45872,0,3035875
tpn 21 with heprin,44628,0,3035875
.9% NS flush,43663,0,3035875
anastomosis leak,46567,0,3035875
pad changes,40903,0,3035875
D10w BOLUS,43418,0,3035875
Morphine,30153,0,3035875
PE20 PG,43425,0,3035875
NA bicarb,45350,0,3035875
Potassium Chl. Bolus,43238,0,3035875
Pregesamil PO,44470,0,3035875
urcc/kg/hr,44415,0,3035875
Bicarb drip,43169,0,3035875
PE 32 PO,46247,0,3035875
D12.5 bolus,43438,0,3035875
ca gluconate 10%,44827,0,3035875
NaAc+NaCl+H20,45325,0,3035875
bivalirudin gtt,42513,0,3035875
St.H20/Na Acetate,43865,0,3035875
VASOPRESSIN  CC/HR.,42802,0,3035875
Similac SC 28 PO,45897,0,3035875
farr7 lower abd drai,44507,0,3035875
bladder pres. saline,45232,0,3035875
chest vac,45425,0,3035875
pigtail irrigation,46244,0,3035875
1/2 H2O/impact fiber,42679,0,3035875
partial exchange,45839,0,3035875
Pigtail irrigant,42745,0,3035875
Similac SC 26 PO,45894,0,3035875
Factor VII,44627,0,3035875
IV meds and flushes,43461,0,3035875
Cerebral Spinal Fld. LP,43649,0,3035875
d 10w bolus,44570,0,3035875
Sc26 po,45781,0,3035875
Neocate24 po,45810,0,3035875
7.7 meqs NaAcet+H20,45592,0,3035875
D-10 Bolus,43648,0,3035875
D10 Bolus,43471,0,3035875
Na Acetate +.05 hep,45300,0,3035875
Enfacare 26 NG,46342,0,3035875
kcl infusion,43364,0,3035875
ph of ogt,40505,0,3035875
normal saline flushs,43354,0,3035875
Amphotericin,44467,0,3035875
NaAcetate+H2O+ Hep,45688,0,3035875
CMV IG,44458,0,3035875
Sucrose,43656,0,3035875
Hep Flush,43597,0,3035875
NS 4mECa .5K+ .5Hep,46518,0,3035875
ur.cc/kg,44658,0,3035875
UO cc/k/hour,43647,0,3035875
NS 4mEQ Ca/100 + Hep,46517,0,3035875
IV D10W BOLUS,43403,0,3035875
VASOTEC IV,42648,0,3035875
urcc/kg/day,43547,0,3035875
D15 bolus,46258,0,3035875
D 10W bolus,43997,0,3035875
cryo or,43008,0,3035875
#11 vent cap/#14 sx,45630,0,3035875
peripad count.,45233,0,3035875
TPA 1MG/5CC,42074,0,3035875
TPN D10% +hep,46100,0,3035875
NaAc7.5 st. water,44607,0,3035875
TPND9.5+Heparin,45939,0,3035875
Morphine Sulfate,30126,0,3035875
Fentanyl bolus:,43387,0,3035875
#11 Vent cap/ #16,45640,0,3035875
Impact w/Fib 1/2 Str,44460,0,3035875
ampho bladder wash,41431,0,3035875
I.R. EBL,42941,0,3035875
KCL CVVHDF,46013,0,3035875
Thoracic angiocath,45882,0,3035875
FLEXISEAL,46038,0,3035875
Lipid tubing change,43322,0,3035875
ns w/15mm of na.phos,45465,0,3035875
FS PROBALANCE,42959,0,3035875
Prostaglandin,42783,0,3035875
Soduim Phospate,41014,0,3035875
drooling,43572,0,3035875
Demerol,40902,0,3035875
corlopam,42704,0,3035875
Proximal 18,45575,0,3035875
FREE H20 NG,40873,0,3035875
ns with 2 amps bicab,43701,0,3035875
replete/fiber,45643,0,3035875
Br Milk FS PO,30260,1,3006552
E 20 FS PO,30270,1,3006552
PE 24 FS PO,30266,1,3006552
E 24 FS PO,30272,1,3006552
S 20 Fe PO,30366,1,3006552
S 24 Fe PO,30368,1,3006552
SC 24 Fe PO,30371,1,3006552
E 24 Fe FS PO,30278,1,3006552
PE 20 FS PO,30264,1,3006552
EnfamilAddedRice PO,30350,1,3006552
E 20 Fe FS PO,30276,1,3006552
SC 20 Fe PO,30369,1,3006552
NeoSure 24 PO,30347,1,3006552
Nutramigen PO,30348,1,3006552
Nutramigen 24 PO,30349,1,3006552
Pregestimil FS PO,30282,1,3006552
EnfAddedRice 24 PO,30351,1,3006552
Prosobee FS PO,30334,1,3006552
Neocate 24,30386,1,3006552
Enfacare 24 PO,30395,1,3006552
Pregestimil 24 PO,30346,1,3006552
PE 22 FS PO,30265,1,3006552
E 20 Fe FS NG,30237,1,3006552
Isomil FS PO,30295,1,3006552
NeoSure PO,30398,1,3006552
Portagen 24 PO,30378,1,3006552
Enfacare PO,30394,1,3006552
SC 22 Fe PO,30370,1,3006552
Neocate PO,30396,1,3006552
Portagen 20 PO,30377,1,3006552
SMA 20 FS PO,30287,1,3006552
Sterile Water PO,30254,1,3006552
Pedialyte Sol PO,30283,1,3006552
SMA 20 Fe FS PO,30291,1,3006552
E 22 FS PO,30271,1,3006552
E 22 Fe FS PO,30277,1,3006552
Prosobee 1/2s PO,30333,1,3006552
S 22 Fe PO,30367,1,3006552
Prosobee 1/4s PO,30332,1,3006552
Alimentum PO,30372,1,3006552
10% Dex Water PO,30256,1,3006552
5% Dex Water PO,30255,1,3006552
Normal Saline_GU,30168,3,3035875
Ampho-B_GU,30170,3,3035875
Sterile H20_GU,30169,3,3035875
Other_GU,30171,3,3035875
Promote w/fiber,30166,4,3006552
Impact w/fiber,30073,4,3006552
Gastric Meds,30144,4,3006552
Tube Feeding,30090,4,3006552
Nepro,30077,4,3006552
ProBalance,30354,4,3006552
Replete w/fiber,30088,4,3006552
Respalor,30078,4,3006552
TF Residual,30095,4,3006552
Peptamen,30072,4,3006552
Criticare HN,30164,4,3006552
Nutren Pulmonary,30404,4,3006552
Ultracal,30086,4,3006552
Nutren Renal,30403,4,3006552
Vivonex,30071,4,3006552
Promote,30165,4,3006552
Deliver 2.0,30075,4,3006552
Impact,30383,4,3006552
Nutren 2.0,30402,4,3006552
Replete,30087,4,3006552
Peptamen 1.5,30401,4,3006552
Isocal HN,30085,4,3006552
Nutrihep,30080,4,3006552
Boost Plus,30082,4,3006552
Boost High Protein,30083,4,3006552
Boost,30081,4,3006552
Optimental,30074,4,3006552
IV Piggyback,30063,6,3037253
D10W,30187,7,3037253
D 12.5 W,30317,7,3037253
PRBC's,30179,7,3037253
NS .9%,30190,7,3037253
D15W,30318,7,3037253
0.9% Normal Saline,30352,7,3037253
IVIG,30184,7,3037253
D7.5W,30189,7,3037253
0.45% Normal Saline,30353,7,3037253
Fresh Froz Plasma,30180,7,3037253
Serum Albumin 5%,30181,7,3037253
TPN D10.0,30196,7,3035591
Lipids 20%,30208,7,3035591
TPN D12.5,30199,7,3035591
TPN D11.0,30197,7,3035591
TPN D15.0,30200,7,3035591
TPN D12.0,30198,7,3035591
TPN D13.0,30325,7,3035591
TPN D14,30313,7,3035591
TPN D9.0,30194,7,3035591
TPN D8,30301,7,3035591
TPN D7.5,30193,7,3035591
.45NS + .5:1 Heparin,30321,7,3035591
TPN D5.0,30191,7,3035591
TPN D16,30314,7,3035591
Calcium Gluconate,30023,7,3035591
TPN D7.0,30192,7,3035591
TPN D6,30323,7,3035591
TPN D20.0,30203,7,3035591
TPN D17.0,30201,7,3035591
TPN D18.0,30326,7,3035591
D20W,30319,7,3035591
.45NS + 1:1 Heparin,30186,7,3035591
TPN D22.5,30204,7,3035591
TPN D17.5,30202,7,3035591
.45NS flush,30211,7,3035591
TPN D25.0,30205,7,3035591
D17.5W,30322,7,3035591
.9NS flush,30210,7,3035591
.9NS + 1:1 Heparin,30185,7,3035591
Heparin(10 units/cc),30209,7,3035591
D25W,30320,7,3035591
TPN D2.5,30195,7,3035591
.25 NS+0.5:1 Heparin,30315,7,3035591
.9NS + 0.5:1 heparin,30381,7,3035591
TPN D30.0,30207,7,3035591
D10W flush,30214,7,3035591
D5W flush,30213,7,3035591
.25 NS +1:1 Heparin,30316,7,3035591
D 30W,30328,7,3035591
Calcium Chloride 10%,30300,7,3035591
D5 Normal Saline,30160,8,3037253
D5 Ringers Lact.,30159,8,3037253
D5/.2NS,30014,8,3037253
.25% Normal Saline,30176,8,3037253
.3% normal Saline,30161,8,3035591
D5W,30013,9,3037253
.9% Normal Saline,30018,9,3037253
Lactated Ringers,30021,9,3037253
OR Crystalloid,30101,9,3037253
Pre-Admission Intake,30054,9,3037253
D5/.45NS,30015,9,3037253
Packed RBC's,30001,9,3037253
.45% Normal Saline,30020,9,3037253
Fresh Frozen Plasma,30005,9,3037253
OR Colloid,30102,9,3037253
D5NS,30060,9,3037253
OR Packed RBC's,30104,9,3037253
PACU Crystalloids,30108,9,3037253
Platelets,30006,9,3037253
Cath Lab Intake,30055,9,3037253
OR FFP,30103,9,3037253
Albumin 5%,30008,9,3037253
Sterile Water,30065,9,3037253
Carrier,30066,9,3037253
D5RL,30061,9,3037253
Dextrose 10%,30016,9,3037253
Albumin 25%,30009,9,3037253
OR Platelets,30105,9,3037253
PACU Colloids,30107,9,3037253
Cell Saver,30053,9,3037253
Other Blood Products,30094,9,3037253
Cryoprecipitate,30007,9,3037253
OR Autologous Blood,30106,9,3037253
Washed PRBC's,30004,9,3037253
Whole Blood,30002,9,3037253
TPN,30032,9,3035591
N/A,30140,9,3035591
TPN w/Lipids,30096,9,3035591
Hespan,30012,9,3035591
PPN,30099,9,3035591
3% Normal Saline,30143,9,3035591
Fentanyl Base,30150,9,3035591
Lipids,30033,9,3035591
D5 Aminosyn 3.5%,30098,9,3035591
Dextrose 20%,30017,9,3035591
Dextran 40,30011,9,3035591
MVI,30028,9,3035591
Aminosyn 3.5%,30097,9,3035591
Autotransfusion,30092,9,3035591
Factor VIII,30093,9,3035591
Br Milk FS NG,30221,10,3006552
Free Water Bolus,30058,10,3006552
GT Flush,30059,10,3006552
PE 24 FS NG,30227,10,3006552
SC 24 Fe NG,30360,10,3006552
PE 20 FS NG,30225,10,3006552
SC 20 Fe NG,30358,10,3006552
S 24 Fe NG,30357,10,3006552
NeoSure,30336,10,3006552
E 20 FS NG,30231,10,3006552
PE 22 FS NG,30226,10,3006552
E 24 FS NG,30233,10,3006552
Enfacare 24,30375,10,3006552
SC 22 Fe NG,30359,10,3006552
S 20 Fe NG,30355,10,3006552
NeoCate,30385,10,3006552
NeoSure 24 NG,30339,10,3006552
Nutramigen 24 NG,30340,10,3006552
E 24 Fe FS NG,30239,10,3006552
Nutramigen NG,30341,10,3006552
EnfAddedRice 24 NG,30345,10,3006552
Enfacare,30374,10,3006552
Pregestimil NG,30343,10,3006552
Portagen 24 NG,30362,10,3006552
Enfamil AddedRice NG,30344,10,3006552
Prosobee,30329,10,3006552
Pregestimil 24 NG,30342,10,3006552
Portagen 20 NG,30361,10,3006552
S 22 Fe NG,30356,10,3006552
Prog FS NG,30243,10,3006552
Neocate 24 NG,30391,10,3006552
Corn Oil,30324,10,3006552
SMA FS NG,30247,10,3006552
Isomil FS NG,30253,10,3006552
NeoSure NG,30392,10,3006552
E 22 Fe FS NG,30238,10,3006552
E 22 FS NG,30232,10,3006552
SMA Fe FS NG,30248,10,3006552
Enfacare 24 NG,30389,10,3006552
Pedialyte Sol NG,30249,10,3006552
E 20 3/4s NG,30230,10,3006552
Enfacare NG,30388,10,3006552
Po Intake,30056,11,3006552
PACU PO Intake,30109,11,3006552
Supplement,30057,12,3006552
Ensure Plus,30405,12,3006552
Ensure,30036,12,3006552
