label,item_id,concept_id
Stool Out Stool,40054,3011087
Stool,226579,3011087
Fecal Bag,226580,3011087
Stool Out Ileostomy,40063,3011087
Ostomy (output),226582,3011087
Stool Out Rectal Tube,40367,3011087
Stool Out Fecal Bag,40053,3011087
Stool Out Colostomy,40087,3011087
Rectal Tube,226583,3011087
Stool Out (non-specific),40388,3011087
Stool Out Ostomy,40289,3011087
Gastric Jejunostomy Tube,40331,3011087
Stool Out Other,40068,3011087
Jejunostomy,226574,3011087
Drain Out #1 Jejunostomy Tube,40614,3011087
Ostomies Ileostomy,43433,3011087
REFED JEJUNOSTOMY,42314,3011087
Stool .,43174,3011087
ostomy,46071,3011087
ileostomy,40751,3011087
duodenostomy tube,46637,3011087
CHOLECYSTOSTOMY TUBE,42300,3011087
OR Stool/NGT,45992,3011087
Drain Out #3 Jejunostomy Tube,42270,3011087
vanco per ostomy,44566,3011087
Drain Out #2 Jejunostomy Tube,40653,3011087
Flexiseal stool,46186,3011087
rectal tube,41433,3011087
jejunostomy,44649,3011087
Ostomies Colostomy,43409,3011087
ostomy blding,44535,3011087
Drain Out #5 Jejunostomy Tube,40291,3011087
ileostomy output,45337,3011087
epi. of stool incont,40991,3011087
OSTOMY APPL ON ABD,42103,3011087
Drain Out #6 Jejunostomy Tube,44694,3011087
ostomy drainage,42476,3011087
OSTOMY FROM INCISION,42635,3011087
Drain Out #7 Jejunostomy Tube,42677,3011087
floor ostomy out,46709,3011087
LT GROIN OSTOMY BAG,42092,3011087
stool cc/kg/hr,43445,3011087
ostomy cc/kg/hr,43653,3011087
Drain Out #4 Jejunostomy Tube,43988,3011087
Cecostomy,46304,3011087
Rectal tube,43408,3011087
stool,41670,3011087
stool/fistula,46307,3011087
Stool out,44266,3011087
Emesis,226571,3028277
Gastric Emesis,40067,3028277
emesis,40490,3028277
Emesis,41015,3028277
vomitus,41722,3028277
OR EMESIS,44157,3028277
VOMITUS,43970,3028277
EMESIS,40427,3028277
vomit,44930,3028277
PACU EMESIS,42499,3028277
farr 5 emesis,42530,3028277
Vomitus .,43416,3028277
Blood emesis,44187,3028277
Ultrafiltrate Ultrafiltrate,40286,3037537
OR Out EBL,40064,3037537
OR EBL,226626,3037537
Tap,226625,3037537
paracentesis,40470,3037537
dialysis,40624,3037537
hemodialysis,40386,3037537
Hemodialysis,40881,3037537
T Tube,226603,3037537
PD dialysate out,40789,3037537
Hemovac #1,226604,3037537
PD out,40584,3037537
Paracentesis,40451,3037537
ultrafiltrate,44890,3037537
dialysate out,41623,3037537
dialysis out,40426,3037537
Dialysis,40745,3037537
Sump #1,226617,3037537
PD fluid out,46178,3037537
hd out,42254,3037537
Dialysis out,40507,3037537
PD Volume Out.,44996,3037537
hemodialysis out,41016,3037537
ultrafiltrate out,46622,3037537
PACU Out EBL,40491,3037537
HEMODIALYSIS OUT,41250,3037537
Dialysis 1.5% IN,46230,3037537
ultrafiltrate in,44349,3037537
PACU EBL,226629,3037537
Hemodialysis out,44216,3037537
HEMODIALYSIS,41527,3037537
HD out,41818,3037537
DIALYSIS,40690,3037537
peritoneal dialysis,44843,3037537
Hemodialysis Out,41417,3037537
Lumbar,226610,3037537
dialysis output,40425,3037537
Dialysis indwelling,44286,3037537
Paracentesis Output,45120,3037537
dialysis in,41034,3037537
Peritoneal Dial Out,44545,3037537
HD output,41705,3037537
Dialysis Out,41374,3037537
effluent out,41793,3037537
Hemodialysis.,44567,3037537
paracentesis out,42624,3037537
Hemovac #2,226605,3037537
DIALYSIS OUTPUT,42388,3037537
DIALYSIS OUT,40613,3037537
hemodialysis output,41500,3037537
PARACENTESIS,40764,3037537
HEMODIALYSIS O/P,44199,3037537
outside hsp,43804,3037537
Blood Out Lab,43176,3037537
PD Out,43862,3037537
paracentesis site,40956,3037537
Sump #2,226618,3037537
ascities out,46645,3037537
HEMODIALYSIS OFF,42972,3037537
VAC output,46072,3037537
Paracentesis out,41290,3037537
PD Dialysate Output,41069,3037537
pd fluid out,45144,3037537
Dialysis Output.,41842,3037537
Pheresis Output,44879,3037537
HD FLUID REMOVED,42248,3037537
Blakemore,226570,3037537
dialysis  out,41750,3037537
PD output,43127,3037537
hd removed,46675,3037537
Promote 2/3 strength,44198,3037537
paracentesis output,42620,3037537
HD OUT,41809,3037537
PEG GOLYTELY,44029,3037537
paracentesis fluid,41546,3037537
Dialysis output,42536,3037537
Belly TAP,41817,3037537
OR out ascites,46735,3037537
Citrate - dialysis,46715,3037537
DIALYSIS REMOVED,43052,3037537
g-tube dr/return,44992,3037537
P.D. Out,44039,3037537
LLQ Paracentesis sit,41539,3037537
paracentesis bag,45792,3037537
hd out:,43019,3037537
Acities removed,44428,3037537
GU  total output,40904,3037537
THORACENTESIS,40942,3037537
Abdominal Tap,44931,3037537
vac output,46285,3037537
thoracentesis out,42080,3037537
Hemo dialysis out,45828,3037537
dialyslate out,41713,3037537
Dialysis Removed,44901,3037537
hemodialysis ultrafe,42464,3037537
angio out,41384,3037537
angio output,42276,3037537
abd tap,41171,3037537
DIALYSIS TOTAL OUT,43016,3037537
OR washout,45266,3037537
Pleurx output,46751,3037537
paracentesis removal,44032,3037537
pericentesis,42486,3037537
PARACENTESIS FLUID,41441,3037537
cardiac output,40909,3037537
thorocentesis,41772,3037537
PD NET FLUID REMOVED,41049,3037537
peritoneal tap,44984,3037537
HemoDialysis,42524,3037537
BM20PO+thick&easy,45911,3037537
BM (thick & easy) PG,45898,3037537
r femoral drng,42212,3037537
BM (thick & easy) PO,45899,3037537
peritoneal tap out,41727,3037537
PERITONEAL TAP,44170,3037537
paracentesis.,46198,3037537
pertoneal tap,44074,3037537
today at falmouth,45142,3037537
G TUBE REFEED,45007,3037537
OR OUT (abdominal),45624,3037537
L Thoracentesis,45626,3037537
R CT SITE BAG DRNG,42328,3037537
thorocentesis fluid,46742,3037537
total out since mn,41749,3037537
L CT SITE BAG DRNG,42327,3037537
LEFT ARM POUCH,44522,3037537
ANGIO OUT,42128,3037537
Thorocentesis,45645,3037537
Pheresis - Out,42794,3037537
vac out,44142,3037537
HD fluid removed,44097,3037537
Hemodialysis removal,41635,3037537
g-tube,43753,3037537
Red Rubber,226622,3037537
PEG gracity,46401,3037537
thoracentesis fluid,46759,3037537
Peritoneal dialysis,46394,3037537
OR paracentesis,46523,3037537
diayalsis out.,46119,3037537
parencentesis,44744,3037537
or ascites out,44967,3037537
Dialysis.,44193,3037537
Angio Output,46604,3037537
ir output,46779,3037537
out pt intake +prbc,45750,3037537
dialysis fluid off,44027,3037537
"BM24 w/neosure, GT",45864,3037537
thorocentesis output,45524,3037537
farr 9 output,45968,3037537
dialysis- fluid off,44857,3037537
DIALYSIS OFF,44085,3037537
CVVH OUTPUT FROM OR,41897,3037537
right thoracentesis,41802,3037537
PEG,42431,3037537
FARR 10 OUTPUT TOTAL,43800,3037537
r thoracentesis,45729,3037537
Abd output in OR,46220,3037537
dialysis off,42289,3037537
peg,45412,3037537
Angio Out,44046,3037537
left thoracentesis,45651,3037537
paracentesis: 2020ml,45715,3037537
parascentesis,42625,3037537
O.R. OUT OTHER,42632,3037537
HD REMOVED,44295,3037537
paracentesis tap out,41487,3037537
paracentesis/OR,45221,3037537
hemodialysis off,42868,3037537
dyalysis out put,44453,3037537
HEMODIALYSIS OUTPUT,41829,3037537
Dialysys out,41112,3037537
thoracentesis tap,46143,3037537
NGT output,43820,3037537
Davol,226621,3037537
ngt/bile aspirate,42348,3037537
ABD TAP,42904,3037537
OSH output,44714,3037537
BMFSNG + 4HMF + MCT,43558,3037537
Thoracentesis Fluid,45993,3037537
impact 2/3 strength,44840,3037537
Dialysis fluids,44845,3037537
GU output total,46449,3037537
ULTRAFILTRATE,43703,3037537
HEMODIALYSIS.,42928,3037537
Arm Pouches,44847,3037537
today at falmout,45141,3037537
FISTULA,44291,3037537
pleuritic fluid,45000,3037537
EXCESS PD OUTPUT,42032,3037537
Hemodialysis OUT,46464,3037537
DYALISIS OUT,42822,3037537
LEFT THORACENTESIS,41998,3037537
ngt/bile returned,42347,3037537
t.tube #1 left,46268,3037537
BAG-->ABD TAP SITES,41678,3037537
left pleuracentesis,45791,3037537
GTUBE,45194,3037537
Hemoptysis,45110,3037537
Thoracentesis output,44350,3037537
pleuracentesis,40804,3037537
crystalloid/dialysis,43687,3037537
Farr 5 output,42549,3037537
Cardiac Output,44970,3037537
right arm pouch,44715,3037537
paracentesis asicits,45248,3037537
rt para tap site,44913,3037537
labial drng,45869,3037537
peg meds,41426,3037537
R paracentesis site,41725,3037537
t-tube right,42951,3037537
PEG tube,43914,3037537
G TUBE,43058,3037537
R plueral tap,45739,3037537
BM 26 with neocate,43960,3037537
"BM26 w/enfacare, GT",46510,3037537
BM24 w/nsp,45666,3037537
BM28 4Enf Powd 4 MCT,46082,3037537
NS cc:cc OGT output,45918,3037537
BM+4cal prosobee,46416,3037537
BM20 G-tube,45857,3037537
Neocate24 via J tube,46132,3037537
t-tube left,42950,3037537
TOTAL OUT ON PAPER T,41751,3037537
Kg removed,41148,3037537
hemodialysis crystal,43098,3037537
PLEURACENTESIS,44663,3037537
Thoracentesis off,46757,3037537
left pl tap,46519,3037537
R thoracentesis,41036,3037537
fluid removed dialys,44943,3037537
Angio output,44231,3037537
pharesis out,44839,3037537
mucous fistula,44133,3037537
farr 10 out,44520,3037537
CC6OUTPUT,42394,3037537
ED output,45259,3037537
BM+neocate4+MCT4,45824,3037537
D5W VIA PEG,42346,3037537
THORACENTESIS RIGHT,42472,3037537
troracentesis output,41803,3037537
farr 2 output,42659,3037537
cardiac output fluid,41562,3037537
nutran tube feed,45484,3037537
PD OUT,44055,3037537
R Thoracentesis,46398,3037537
I.R. output,42943,3037537
T-TUBE,42987,3037537
Parencentesis Out,46745,3037537
OUTPUT from cc6,44974,3037537
PEG (BAG),46079,3037537
TOTAL OUT FROM PAPET,41753,3037537
BM33 with BP,46290,3037537
G-J TUBE GRAVITY DR,45501,3037537
Thoracentesis tap,44140,3037537
CathLab Output,40972,3037537
.5BM/.5Neocate 24 PG,46091,3037537
GASTROGRAFIN/J TUBE,46640,3037537
dialysis removed,46741,3037537
thorencentesis,45005,3037537
thoarcentesis,45665,3037537
dialysis net,43115,3037537
Thoracentesis Left,45861,3037537
NG TUBE,43684,3037537
pericadial tap,41718,3037537
Repogle Tube OGT,43178,3037537
EW output,42649,3037537
OGT out,41511,3037537
BM24 w/neosure PO,45763,3037537
er output,42403,3037537
THOROCENTESIS FLUID,40647,3037537
output from midnight,41748,3037537
J-tube flush,46520,3037537
thorcentesis,44801,3037537
ER Output,44643,3037537
MUCOUS FISTULA,43840,3037537
LP/ CSF REMOVED,43853,3037537
Floor Output,42773,3037537
Breast milk,41004,3037537
Anderson,226616,3037537
CARDIAC OUTPUT FLUSH,42165,3037537
ed output,44592,3037537
farr 7 output,42441,3037537
vaginal fistula,45844,3037537
Angio OUT,42957,3037537
RT THORACENTESIS,44700,3037537
horacentesis,44639,3037537
Dialysis In,45479,3037537
D5W VIA J-TUBE,44241,3037537
BM + thick-it,45850,3037537
BM20NG+thick&easy,45910,3037537
IR OUTPUT,42880,3037537
pancreatic fistula,46241,3037537
superior/ant chtube,46718,3037537
cardiac output ml,41440,3037537
toracocentesis,44569,3037537
j-tube flush,43706,3037537
Cardiac output,44920,3037537
Chole tube,44134,3037537
Left Antecub Pouch,44612,3037537
CARDIAC OUTPUT,41946,3037537
BM via g-tube,46503,3037537
BM26(6cal Neosure),45533,3037537
OR Out OGT,46695,3037537
NGT Aspirate,46605,3037537
NEURO-RAD OUT,42417,3037537
output in er,42746,3037537
NGT out,46471,3037537
Pericardial Tap,45523,3037537
2ND PARACENTESIS SIT,44866,3037537
CALCIUM-DIALYSIS,46712,3037537
left arm pouch,44921,3037537
tube fgs on floor,43721,3037537
RIGHT GROIN POUCH,41519,3037537
ANGIO OUTPUT,41920,3037537
G-tube flush,45858,3037537
CT OUTPUT OR,42339,3037537
PEG to gravity,46185,3037537
FARR 5 OUT,42840,3037537
dialysis/intake,43941,3037537
OR Paracentesis,46696,3037537
Pleuracentesis,40892,3037537
IR Output,45607,3037537
PEG TUBE,40668,3037537
t tube flush,40553,3037537
baker tube/contrast,42225,3037537
Neocate 24 via Jtube,46131,3037537
t tube,44174,3037537
J-tube NS 10cc/h.,44562,3037537
PEG TUBE out,40990,3037537
Rt.pluerex chst tube,41088,3037537
Free H20 cont G-tube,45408,3037537
IRRIGAGANT OUT,43048,3037537
BMFSNG + 4HMF,43345,3037537
KCL-10 MEQ-DIALYSIS,46713,3037537
Angiography Output,45413,3037537
"ngt flush,h20",41053,3037537
Cath lab output,46456,3037537
thoracentesis left,42473,3037537
blood from mouth,45617,3037537
Paracentesis output,44259,3037537
Baricat taken out,45888,3037537
IR output,41778,3037537
PERITONEAL DIALYSIS,40910,3037537
.5BM/.5Neocate 24 PO,46092,3037537
1/2strength impact,45832,3037537
T-tube,43015,3037537
D5W via J-tube,43905,3037537
GI UNIT OUTPUT,44604,3037537
GTUBE POUCH,46270,3037537
mucus fistula,40366,3037537
Neuro Angio Outake,44015,3037537
NGT OUT S/P LAvage,46763,3037537
G-TUBE TO GRAVITY,43443,3037537
floor ttube out,44563,3037537
t tube site,44093,3037537
PEG GRAVITY DRG,42196,3037537
j-tube,43754,3037537
peg tail flush,42619,3037537
J Tube Flush,42968,3037537
hemoptysis,45812,3037537
J Tube to Gravity,44806,3037537
peg output,41155,3037537
Mucos fistula,46673,3037537
ngt meds,40637,3037537
peg tube,43119,3037537
ngt irrigant,44410,3037537
Jtube flush,44821,3037537
NGT NS IRRIGANT,45028,3037537
groin pouch,46255,3037537
BM26 with enfamil p.,46347,3037537
BM28 w/HMF/MCT/BP po,45879,3037537
BMFSPO + 2 HMF,43498,3037537
dialysis flush,46232,3037537
G/J POUCH APPLIANCE,45254,3037537
J TUBE,42695,3037537
left hand pouch,46286,3037537
BMFSPO+ Promod+ HMF,43468,3037537
EP lab output,46638,3037537
j tube flush,46678,3037537
BMFSNG+ 4 HMF,43463,3037537
ETT out,43851,3037537
J-tube.,40488,3037537
L GROIN DRNG,42442,3037537
gt output,45418,3037537
Gtube flush,44304,3037537
NG out,43244,3037537
MUCOUS FISTULA(LOWER,43932,3037537
blood removed...,43538,3037537
ABD FISTULA,45076,3037537
Blood out,43762,3037537
BMFSPO+2HMF,43386,3037537
g-tube H2O flush,46504,3037537
RLQ pouch,45703,3037537
G-tube placement,43441,3037537
BMFSNG + 2 HMF,43612,3037537
BM24NEOSURE,44154,3037537
IMPACT WITHOUT FIBER,43737,3037537
J Tube feeding,46130,3037537
bm22 pg,44961,3037537
repogle output,43243,3037537
net hourly output,42891,3037537
BM + 2HMF,46345,3037537
CO output,41717,3037537
Biliary tube flush,44083,3037537
BM 4HMF,46348,3037537
flush LT ct #1&2 out,42033,3037537
NGT,42222,3037537
blood out,43606,3037537
g-tube feeding,45419,3037537
g tube flush,45296,3037537
Enfamil 24 G-tube,45081,3037537
BMFSPO + HMF + MCT,43594,3037537
Spit,43396,3037537
BMFSPO+ 4 HMF,43464,3037537
Total Blood Out,43161,3037537
impact 1/2 strength,44392,3037537
BM g-tube,44831,3037537
replogle output,44727,3037537
Total blood out,43582,3037537
Repogle Output,45704,3037537
GT output,46164,3037537
spit,43172,3037537
REPOGAL OUTPUT,43965,3037537
spits,43323,3037537
j tube,44995,3037537
Mucous fistula,45283,3037537
Neuro Angio Output,41190,3037537
SPITS,43554,3037537
HD Output,41634,3037537
ER out,42952,3037537
CAPD Output,42555,3037537
Spits,43245,3037537
SPIT,43491,3037537
Paracentesis site.,43925,3037537
plueral tap,45494,3037537
vag drng,45082,3037537
BM26(4 neosure 2 MCT,45536,3037537
vaginal discharge,44556,3037537
Paracentesis Site,45852,3037537
NS irrig drng tube,43133,3037537
BM26 (4HMF + 2MCT),45920,3037537
output adjustment,46234,3037537
METROWEST OUTPUT,42095,3037537
ER OUT,44371,3037537
FLOOR OUTPUT,41758,3037537
THARACENTESIS,44662,3037537
G-tube,43600,3037537
NJ tube,46118,3037537
PEG Tube,45085,3037537
vaginal drng,43881,3037537
HD Ultrafiltrate,46473,3037537
1/2strength respalor,44958,3037537
Chest Tubes CTICU CT 1,40076,3026556
Chest Tube #1,226588,3026556
Chest Tubes Right Pleural 1,40049,3026556
Chest Tubes Left Pleural 1,40048,3026556
Chest Tube #2,226589,3026556
Chest Tubes CTICU CT 2,41707,3026556
L Pleural #1,226590,3026556
R Pleural #1,226593,3026556
Chest Tubes Mediastinal,40091,3026556
Chest Tubes Right Pleural 2,40050,3026556
Mediastinal,226592,3026556
Chest Tubes Left Pleural 2,40090,3026556
Pericardial,226612,3026556
Chest Tubes Other,40084,3026556
thoracentesis,40403,3026556
Thoracentesis,40893,3026556
L Pleural #2,226591,3026556
pleural fluid,40536,3026556
R Pleural #2,226595,3026556
pleural tap,40472,3026556
R chest tube site,42540,3026556
PLEURAL TAP,42167,3026556
open chest drainage,44705,3026556
Chest Tubes Chest Tube,43177,3026556
Pleural Fluid,43927,3026556
Chest Tube In,41838,3026556
Pleural tap,41288,3026556
R chest drain bag,42816,3026556
LT PLEURAL CT IRRIG,42425,3026556
L chest tube site,42539,3026556
R PLEURAL NS IRRIG,43034,3026556
Pleural Tap,44565,3026556
PLEURAL FLUID,41509,3026556
chest tube BEFORE OR,41681,3026556
Pleural fludid,44689,3026556
pleural tap out,41486,3026556
l pleural tap,41847,3026556
Pleural fluid,40891,3026556
pleural effusion,41475,3026556
PLEURAL FLUID (OR),46295,3026556
chest tube site,42101,3026556
Chest tube irrigate,43984,3026556
right pleural 3,42834,3026556
L pleural tap,45422,3026556
Left pleural tap,46775,3026556
R. Pleural tap,45790,3026556
L PLEURAL TAP,41172,3026556
PLEURAL EFFUSION,42650,3026556
R pleural tap,45435,3026556
Pleural fluid.,41735,3026556
L. Pleural Tap,44136,3026556
chest tube in or,46237,3026556
tap pleural,43868,3026556
r pleural tap,44208,3026556
CHEST TUBE PLEURALS,42498,3026556
pleural drainage/OR,46213,3026556
R. pleural tap,45702,3026556
pleural fluid right,42772,3026556
chest tube irrigant,45405,3026556
Chest tube pleural,42516,3026556
r.pleural tap,42181,3026556
LEFT PLEURAL EFFUSIN,42877,3026556
Left Chest drng bag,46701,3026556
R pleural CT # 2,42819,3026556
Pleural Fld,41202,3026556
LEFT PLEURAL TAP,42986,3026556
l chest tube #3,45227,3026556
chest tube,41003,3026556
LEFT PLEURAL FLUID,43841,3026556
or pleural tap,42253,3026556
L. PLEURAL CT,43668,3026556
pleural,43933,3026556
left pleural tap,43702,3026556
L Chest Tube #1,42255,3026556
L Chest Tube #2,42256,3026556
L. Pleural tap,46649,3026556
pleural effussion,45210,3026556
pleural fld,42397,3026556
Chest Tube R #3,45417,3026556
L Chest Tube #3,42257,3026556
R PLEURAL TAP,42094,3026556
chest tube #3,45883,3026556
left chest drain,42210,3026556
Chest Tube #3,45813,3026556
L PLEURALCENTESIS,42482,3026556
OR pleural fluid,41029,3026556
Chest tube flush,41584,3026556
RIGHT PLEURAL TAP,43027,3026556
CT R. pleural #3,42936,3026556
L side/pleural fluid,44454,3026556
Left pleural CT #2,43114,3026556
chest tube # 3,45664,3026556
PLEURAL DRAIN,45851,3026556
L Chest Tube #4,42258,3026556
pleural cutaneous fi,41593,3026556
chest tube dsg,43857,3026556
pleural tap output,44587,3026556
Gastric Nasogastric,40052,43533729
Gastric Oral Gastric,40059,43533729
Nasogastric,226575,43533729
Oral Gastric,226576,43533729
Gastric Gastric Tube,40051,43533729
TF Residual,227510,43533729
Gastric Tube,226573,43533729
TF Residual Output,227511,43533729
Gastric Other,40406,43533729
PACU Out PACU NG,40074,43533729
PACU Gastric,226630,43533729
Gastric Blakemore,40652,43533729
Repogle Tube NG,43246,43533729
G-tube residuals,44959,43533729
CONTRAST VIA NGT,42578,43533729
OR NGT,44671,43533729
SSC 26 NGT,45461,43533729
Anderson (gastric),226569,43533729
Gastric lavage,45512,43533729
free h20 via ngt,42357,43533729
gastric,40727,43533729
contrast via ngt,42867,43533729
Nasogastric,43110,43533729
Br Milk 24 NG,45056,43533729
SSC28 NGT,45460,43533729
Air evacuation NGT,43666,43533729
PO Contrast per NGT,41035,43533729
gastric lavage,46740,43533729
Portagen NGT,43239,43533729
Gastric aspirate,43830,43533729
PACU ngt out,43064,43533729
BM22 NG,45055,43533729
gastric asp,46555,43533729
or ngt,44884,43533729
ngt residual,43892,43533729
BM 20 FS NG,43529,43533729
BM24 w/neosure NG,45760,43533729
BM NG,46403,43533729
er ngt output,43074,43533729
NGT RESIDUAL,42837,43533729
tubefeed residual,45083,43533729
gastric output,44906,43533729
GASTRIC RESIDUAL,44909,43533729
GASTRIC OUT,40911,43533729
NGT residual,44475,43533729
GASTRIC ASPIRATION,43567,43533729
gastric Ph,43489,43533729
Gastric Ewald,41258,43533729
Drain Out #1 Jackson Pratt,40071,3006376
Jackson Pratt #1,226599,3006376
Drain Out #1 Other,40294,3006376
Drainage Bag,227701,3006376
Wound Vac #1,226613,3006376
Drain Out #2 Jackson Pratt,40072,3006376
JP Medial,226597,3006376
JP Lateral,226598,3006376
Drain Out #1 JP Medial,40926,3006376
Jackson Pratt #2,226600,3006376
Cerebral Drain R Ventricular Drain,40058,3006376
Drain Out #2 JP Lateral,41683,3006376
Drain Out #1 Wound Vac,40089,3006376
Pigtail #1,226619,3006376
Drain Out #1 Tap,40066,3006376
Cerebral Ventricular #1,226606,3006376
Drain Out #1 Pigtail,40075,3006376
Drain Out #2 Other,40080,3006376
Drain Out #3 Jackson Pratt,40088,3006376
Drain Out #1 JP Lateral,40703,3006376
Jackson Pratt #3,226601,3006376
Drain Out #1 T Tube,40093,3006376
Cerebral Drain L Ventricular Drain,40097,3006376
PD drainage,44623,3006376
Drain Out #1 Hemovac,40070,3006376
Drain Out #1 Pericardial,40077,3006376
Drain Out #2 Pigtail,40086,3006376
Drain Out #2 Wound Vac,40095,3006376
Drain Out #1 Sump,40554,3006376
Drain Out #4 Jackson Pratt,40092,3006376
Drain Out #3 Other,40648,3006376
Drain Out #3 T Tube,41898,3006376
PACU Drains,226628,3006376
Drain Out #4 Other,40287,3006376
Wound Vac #2,226614,3006376
Jackson Pratt #4,226602,3006376
Drain Out #3 Wound Vac,42405,3006376
Drain Out #2 JP Medial,42871,3006376
Pigtail #2,226620,3006376
Drain Out #3 Sump,42367,3006376
Drain Out #5 Wound Vac,42780,3006376
Drain Out #1 Lumbar,41867,3006376
PACU Out PACU Drains,40073,3006376
Drain Out #3 Pigtail,42278,3006376
drain irrigant,42287,3006376
Drain Out #2 T Tube,40292,3006376
paracenteis drainag.,42338,3006376
Drain Out #5 Other,40083,3006376
Drain Out #1 Anderson,40078,3006376
Drain Out #4 Wound Vac,42738,3006376
Drain Out #4 Pigtail,40290,3006376
Cerebral Ventricular #2,226607,3006376
Penrose #1,226623,3006376
Drain Out #2 Hemovac,41698,3006376
Cerebral Drain Subdural,40537,3006376
Cerebral Subdural #1,226608,3006376
Cerebral Drain Other,41866,3006376
Drain Out #5 Pigtail,42279,3006376
ileum drain,46766,3006376
Drain Out #3 JP Lateral,42945,3006376
bilat JP to CLWS,44750,3006376
JP 5 and JP 6 sxn,45357,3006376
Drain Out #5 T Tube,42582,3006376
Incision to Drainage,46716,3006376
Drain Out #2 Sump,40538,3006376
sump drain,44841,3006376
JP MEDIAL,42509,3006376
arm drain bags,42591,3006376
Drain Out #5 Jackson Pratt,41213,3006376
Drain Out #2 Tap,40330,3006376
left leg drainage,44548,3006376
JP #1&#2 CLWS,45340,3006376
wound drainage,41212,3006376
lumbar drain,44201,3006376
Drain Out #7 Other,42466,3006376
wound pouch,46415,3006376
JP#1&2 to CLWS,44754,3006376
ascitic drainage,44405,3006376
wound drains,42432,3006376
NSS VIA PIGTAIL TUBE,44002,3006376
Drain Out #4 Tap,42701,3006376
VAC drain,44898,3006376
right arm drainage,45655,3006376
jp's 1&2,45356,3006376
Drain Out #3 Hemovac,42330,3006376
pin site drain,46242,3006376
NS->JP::  CC:CC,46454,3006376
ascites fluid draind,46070,3006376
abd drain,41178,3006376
Left Femoral Drain,46656,3006376
JP Other,46489,3006376
Drain Out #5 Tap,42789,3006376
Drain Out #6 JP Medial,46282,3006376
Drain Out #3 Penrose,40100,3006376
Drain #3 and wound,45590,3006376
vac drain,42982,3006376
left arm drainage,46544,3006376
Drain Out #6 Other,42465,3006376
Drain Out #1 Penrose,40098,3006376
R HAND DRAINAGE,42067,3006376
right drain,41816,3006376
Drain Out #2 Pericardial,42881,3006376
Drain Out #1 Davol,41113,3006376
OR PSUEDOCYST DRAIN,43734,3006376
jp drains to wall sx,42903,3006376
cc/cc replacement JP,46469,3006376
Drain Out #4 Sump,42651,3006376
VENTRICULAR DRAIN,41989,3006376
leg drain,46655,3006376
percutanous drain,44973,3006376
Drain Out #4 T Tube,42788,3006376
ABDOMINAL DRAINAGE,42189,3006376
Drain Out #2 Lumbar,40729,3006376
wound vac output.,44232,3006376
pancreatic drain,40469,3006376
JP repl w/Na Bicarb,46672,3006376
JP #1 & #2 to CLWS,44636,3006376
ogt drainage,41494,3006376
JP 1&2,44622,3006376
Drain bag old CTsite,42809,3006376
Drain Out #2 Anderson,40079,3006376
Drain #1 WOUND,46269,3006376
Drain Out #3 Lumbar,42983,3006376
Lt groin drainage bg,46414,3006376
JP 1,44767,3006376
JP#2deep,46620,3006376
JP Site,44732,3006376
fem. & abd. drainage,44940,3006376
JP drain,40779,3006376
JTUBE SITE DRAINAGE,44209,3006376
left drain,41815,3006376
(R) Fem drain bag,42419,3006376
Drain Out #8 Other,42467,3006376
Cerebral Subdural #2,226609,3006376
Skin drainage bags,45971,3006376
Peritoneal drain,45840,3006376
Drain Out #7 Wound Vac,46309,3006376
liver JP x2 combined,44724,3006376
RUE drainbag,45118,3006376
Left Arm drains.,46183,3006376
JP #3+#4,46121,3006376
JP #1,46478,3006376
vac abd drain,45328,3006376
Drain Out #6 Pigtail,42280,3006376
JP LATERAL,42508,3006376
Wrist/groin drain,46551,3006376
Drain Out #4 Hemovac,42331,3006376
biliary drain medial,41801,3006376
Left Arm Drainage.,45653,3006376
HIP WOUND OUT,45260,3006376
Sump drains 1&2,42392,3006376
biliary drain latrl,41800,3006376
Drain Out #5 Sump,42652,3006376
RIGHT BREAST JP,44532,3006376
JP #2 Medial,46373,3006376
Pericardial drain,43722,3006376
L GROIN DRAINAGE,42066,3006376
PERICARDIAL DRAIN,41933,3006376
Drain Out #7 Jackson Pratt,42823,3006376
Drain Out #6 Jackson Pratt,41214,3006376
Abd wound drains,45742,3006376
JP L FEM,44596,3006376
Left arm drainage,46761,3006376
rlq drainage,43730,3006376
abd wd drainage,45654,3006376
vac drainage.,46466,3006376
JP L AX,44595,3006376
pigtail bile drain,46568,3006376
Pseudocyst drain,44034,3006376
drain out medial,44337,3006376
Right femoral Drain,46657,3006376
Drain Out #2 Red Rubber,45190,3006376
JP REPLETION-LR,46666,3006376
JP R FEM,44598,3006376
JP #2,46479,3006376
DRAIN FLUSH,40689,3006376
Drain Out #8 Jackson Pratt,42824,3006376
Drain Out #2 Penrose,40099,3006376
intrathecal drain,42479,3006376
BILIARY DRAIN,41102,3006376
jp right abdomen,44067,3006376
LUE drainbag,45117,3006376
Drain Out #6 T Tube,44720,3006376
L CT drainage site,44895,3006376
ORAL DRAINAGE,45420,3006376
Thoracen. Drain #2,46182,3006376
drain out lateral,44336,3006376
pericardial drain,42315,3006376
cerebral drain right,44719,3006376
Ventricular Drain,45327,3006376
Drain Out #7 Tap,44400,3006376
Drain Out #4 JP Medial,43694,3006376
LUMBAR DRAIN OUTPUT,42523,3006376
CT SITE DRAIN,44268,3006376
JP Site.,46184,3006376
Gallbladder drain,45914,3006376
Old JP infer Y inc,43846,3006376
RIGHT ABD JP,44531,3006376
R THIGH JP,42293,3006376
VAC DRAINAGE,42569,3006376
Penrose #2,226624,3006376
Right arm drains.,46711,3006376
JP #1 Lateral,46372,3006376
Cerebral Drain #1,46370,3006376
JP LEFT LEG #2,42869,3006376
LEFT JP,44955,3006376
jp left abdomen,44065,3006376
med drainage bag,42817,3006376
right hand drainage,40930,3006376
JP POUCH SITE,42190,3006376
DRAIN SITE,44589,3006376
Drain Out #3 Tap,40765,3006376
endo drainage,46710,3006376
JP 2,44768,3006376
Drain Out #5 Hemovac,46721,3006376
celestomy drain,41667,3006376
PEG DRAINAGE.,42390,3006376
JP RIGHT,42874,3006376
JP R AX,44597,3006376
LUMBAR DRAIN,44637,3006376
drainage left arm,46208,3006376
GI drainage,41576,3006376
PEG DRAINAGE,42386,3006376
Drain Out #7 Pigtail,40649,3006376
RIGHT SUBDURAL DRAIN,42851,3006376
drainag/pigtail site,46020,3006376
vac drainage,40285,3006376
LLE Drainage bag,46755,3006376
LEFT LEG DRAINAGE,41203,3006376
drain flush,40975,3006376
JP DRAIN,44004,3006376
R ARM DRAINAGE BAG,44229,3006376
r arm serous drain,45071,3006376
Drain Out #8 Pigtail,40650,3006376
Drain Out #1 Red Rubber,41359,3006376
F10 JP OUTPUT,44670,3006376
wound drain,44853,3006376
JP,44650,3006376
jp #2,45789,3006376
LEFT ABD JP,44530,3006376
Drain Out #4 Penrose,40101,3006376
Farr 10 JP Drainage,45740,3006376
LATERAL DRAIN SITE,46738,3006376
penrose drain outpt,46506,3006376
JP RIGHT LEG #1,42870,3006376
old JP sites,45421,3006376
vent. drain,43859,3006376
Abdominal drainage,43605,3006376
RIGHT JP,44956,3006376
Drain Out #4 JP Lateral,44455,3006376
JP / Brain,44729,3006376
Left Hand Drain,46253,3006376
vent drain,43896,3006376
NS FLUSH OF DRAIN,41483,3006376
pericard drain asp,45192,3006376
Penrose drains,45121,3006376
drain #2 other,46626,3006376
drain flush l,42460,3006376
L CT DRAINAGE SITE,42505,3006376
PERITONEAL DRAIN,44368,3006376
drain flush r,42461,3006376
repogle drainage out,46335,3006376
jp right breast,44068,3006376
Drain Out #3 JP Medial,46399,3006376
JP LEFT,42873,3006376
JP #2 L,44731,3006376
Cerebral Drain #2,46371,3006376
jp drain,40728,3006376
LEFT SUBDURAL DRAIN,42850,3006376
JP #3,46733,3006376
Drain Flush,41849,3006376
JP #1 R,44730,3006376
JP SITE,44347,3006376
JP FLUSH,46044,3006376
duodenal drain,42475,3006376
Abd drain output,44211,3006376
jp left breast,44066,3006376
Drain segment IV,46134,3006376
Pigtail Drain Flush,46259,3006376
GB drain,46575,3006376
Penrose drain,43336,3006376
subdural drain,41860,3006376
Drainage bag,46539,3006376
F6 JP OUTPUT,43001,3006376
drainged from old HD,46021,3006376
Drain Out #8 Tap,44401,3006376
L LEG JP,42636,3006376
right neck jp,42598,3006376
SUBDURAL DRAIN,41988,3006376
left neck jp,42597,3006376
Drain #2 Bili,44672,3006376
"penrose drain, abd.",43559,3006376
biliary drain,44933,3006376
JP DRAIN/R LEG,42093,3006376
total JP output,42682,3006376
JP site drainage,45368,3006376
L LOWER LEG DRAIN,44550,3006376
GT drainage,43458,3006376
G Tube Drainage,43477,3006376
Drain Out #3 Davol,44062,3006376
Drain pouch #1,46663,3006376
Drain Pouch #2,46664,3006376
g tube drainage,43442,3006376
L LEG THIGH DRAIN,42795,3006376
VAC DRAIN,42838,3006376
R LEG JP,42642,3006376
LP drainage,42178,3006376
Drain Out #5 JP Medial,45022,3006376
JP flush,45778,3006376
abd. cyst drain,43142,3006376
Drain Out #5 JP Lateral,43695,3006376
Drain Out #2 Davol,46628,3006376
GB drain flush,46652,3006376
abdominal drain,43634,3006376
Drain flush,44353,3006376
Pigtail Drain FlushI,42634,3006376
gall drain flush,41592,3006376
NS pigtail drain,45175,3006376
abd JP output,46613,3006376
Siloh Drainage,46350,3006376
Drain Out #4 Davol,44063,3006376
NG Drainage,46135,3006376
PEG GRAVITY DRAIN,44026,3006376
GT DRAINAGE,44417,3006376
VP shunt drainage,43427,3006376
jp #1,45788,3006376
JP#1superficial,46619,3006376
Vent drain,45822,3006376
groin drain,46556,3006376
rodney smith drain,46580,3006376
drainge fr CT site,46225,3006376
Drain 3 flush R side,45518,3006376
drainage fr CT site,46224,3006376
Drain 1 flush L side,45517,3006376
pigtail drain replac,46571,3006376
J-Tube Drainage,46128,3006376
old jp site,43836,3006376
Urine Out Foley,40055,3014315
Foley,226559,3014315
Void,226560,3014315
Urine Out Void,40069,3014315
GU Irrigant/Urine Volume Out,227489,3014315
GU Irrigant Volume In,227488,3014315
OR Urine,226627,3014315
Pre-Admission Output Pre-Admission Output,40060,3014315
OR Out PACU Urine,40065,3014315
Pre-Admission,226633,3014315
OR Out OR Urine,40061,3014315
Urine Out Condom Cath,40094,3014315
Urine .,43175,3014315
Condom Cath,226561,3014315
Urine Out Suprapubic,40715,3014315
Urine Out IleoConduit,40473,3014315
PACU Out PACU Urine,40288,3014315
Suprapubic,226563,3014315
Ileoconduit,226584,3014315
Urine Out Rt Nephrostomy,40057,3014315
PACU Urine,226631,3014315
Cath Lab,226632,3014315
Urine Out Lt Nephrostomy,40056,3014315
Urine Out Other,40405,3014315
R Nephrostomy,226564,3014315
L Nephrostomy,226565,3014315
Urine Out Straight Cath,40428,3014315
Straight Cath,226567,3014315
Drain Out #1 Lt Nephrostomy,41184,3014315
Urine Out Incontinent,40085,3014315
Cath Lab Output,40580,3014315
Urine Out Ureteral Stent #1,40096,3014315
Drain Out #1 Rt Nephrostomy,41868,3014315
True Urine,45927,3014315
cath lab output,40973,3014315
R Ureteral Stent,226557,3014315
ER output,44501,3014315
L Ureteral Stent,226558,3014315
ER URINE,42001,3014315
angio Urine output,42068,3014315
TRUE URINE,42507,3014315
output from vicu,45147,3014315
ED OUTPUT,44030,3014315
Urine Out Ureteral Stent #2,40651,3014315
floor out,44003,3014315
floor output,41257,3014315
OR Out,46334,3014315
er out,43710,3014315
CATH LAB OUTPUT,40848,3014315
Drain Out #2 Rt Nephrostomy,41839,3014315
EW urine output,44824,3014315
Floor output,44261,3014315
ANGIO URINE,42859,3014315
angio urine out,42810,3014315
VICU OUTPUT,43943,3014315
PACU Out,45411,3014315
urine in er.,43897,3014315
urine output-angio,42119,3014315
FLOOR OUT,44468,3014315
ANGIO URINE OUTPUT,42676,3014315
EW OUTPUT,42672,3014315
ED Urine OUT,45415,3014315
ANGIO URINE OUT,42042,3014315
cath lab out,40612,3014315
URINE OUTPUT-E.D.,45804,3014315
Urine out angio,44253,3014315
OR output,44914,3014315
angio urine output,42366,3014315
ER OUTPUT,42069,3014315
Drain Out #2 Lt Nephrostomy,44676,3014315
CATH LAB URINE OUTPT,42362,3014315
ER URINR OUTPUT,44481,3014315
ED URINE,44837,3014315
CC6 URINE,42556,3014315
Floor urine,46532,3014315
outpt uo,45786,3014315
Cath Lab Out,43685,3014315
PACU output,44988,3014315
floor urine out,44684,3014315
E.R. urine out,44237,3014315
cath lab urine,42463,3014315
urine out or,43987,3014315
ANGIOOUT,42129,3014315
URINE CC/KG/HR,43171,3014315
Cath Lab Urine Out,46748,3014315
ED Urine output,46658,3014315
ANGIO URINE O/P,42130,3014315
URINE OUT,43053,3014315
FARR 6 URINE OUT,42765,3014315
ANGIO FOLEY URINE,42111,3014315
ER urine,44278,3014315
ED URINE OUTPUT,44325,3014315
VICU URINE OUT,42592,3014315
Farr  5 urine,46804,3014315
FARR 6 URINE,43057,3014315
E.R. URINE OUT,42666,3014315
angio urine,41922,3014315
urine out-angio,46180,3014315
Urine in cath lab,42510,3014315
urine from floor,46727,3014315
EW Urine,44080,3014315
urine out in er,41857,3014315
URINE OUTPUT-ER,46578,3014315
Floor urine out,43931,3014315
ER urine out,44103,3014315
urine cc/kg/hr,43373,3014315
ew-urine output,45991,3014315
f10 urine,44313,3014315
URINE ED,43093,3014315
(R)Nephrostomy flush,43042,3014315
nephrost tube flush,44846,3014315
urine,43462,3014315
true urine,44925,3014315
Procedure urine out,44132,3014315
farr7-output/urine,44506,3014315
er urine out,44834,3014315
floor urine,44051,3014315
URINE OUT-ANGIO,46177,3014315
urine amnt,43519,3014315
L neph tube irrig,42046,3014315
urine output farr-10,44911,3014315
rt/lt nepro tube flh,41062,3014315
Urine cc/k/hr,43431,3014315
urine flush,40534,3014315
Neph tube #2 flush,41837,3014315
Nep Tube #1 flush,41836,3014315
Urine cc/kg/hr,43522,3014315
EW URINE OUT,42892,3014315
urine cc/k/hr,43589,3014315
LT NEPHROSTOMY TUBE.,46732,3014315
nephrostomy flush,41247,3014315
urine o/p cc/kg/hr,43654,3014315
urine/k/hr,43355,3014315
urine o/p,43537,3014315
urine output/kg,43348,3014315
urine outpt cc/kg/hr,43380,3014315
urine output/kg/hr,43365,3014315
urine out: cc/k/hr,43811,3014315
URINECC/KG/HR,43379,3014315
24hr urine output,43372,3014315
URINE CC?KG?HR,43374,3014315
"Urine,cc/kg/day",43633,3014315
urine cc/kg,43347,3014315
Urine output cc/k/hr,45304,3014315
urinecc/kg/hr,43173,3014315
urine cc/k/ghr,43856,3014315
urine cc's/k/hr,43333,3014315
urine out:cc/k/hr,43812,3014315
24hr Urine cc/kg/hr,43576,3014315
urine output,44706,3014315
urine output cc/k/hr,43638,3014315
Nephrostomy drain,41177,3014315
TOTAL OUT FOLEY BAG,41510,3014315
IRRIGANT AND URINE,42209,3014315
R NEPHROSTOMY TUBE,42700,3014315
real urine output,43966,3014315
inc urine,44752,3014315
bladder irrig/urine,45841,3014315
